subject,source,card_class,show_order,duration,react_dur,point_dur,descr_dur,fix_freq,sacc_freq,right_mean,right_std,right_min,right_max,left_mean,left_std,left_min,left_max,react_fix_freq,react_sacc_freq,react_right_mean,react_right_std,react_right_min,react_right_max,react_left_mean,react_left_std,react_left_min,react_left_max,point_fix_freq,point_sacc_freq,point_right_mean,point_right_std,point_right_min,point_right_max,point_left_mean,point_left_std,point_left_min,point_left_max,descr_fix_freq,descr_sacc_freq,descr_right_mean,descr_right_std,descr_right_min,descr_right_max,descr_left_mean,descr_left_std,descr_left_min,descr_left_max,label
0,frontiers,unicorn,5,7055,1339,5172,1883,4.480955937266617,2.1261516654854713,0.0279806951078861,0.14521530609768535,-0.9614346895074983,0.45856531049250115,-0.016495793704701514,0.20982254208611079,-0.7155246252676757,0.3944753747323242,4.480955937266617,4.480955937266617,-0.01983163607238397,0.09436277618354788,-0.9614346895074983,0.08856531049250105,0.05425149413530949,0.08629784424694419,-0.05552462526767599,0.3944753747323242,0.9667440061871617,1.160092807424594,-0.021641790099214502,0.1295928971814318,-0.4014346895074987,0.45856531049250115,-0.15209354022368748,0.18408506370136843,-0.7155246252676757,0.1444753747323242,1.5932023366967605,1.5932023366967605,0.15525039336542973,0.12483346795105689,-0.46143468950749833,0.33856531049250105,0.1832797225584113,0.10895772871925972,-0.2555246252676753,0.35447537473232416,0
0,frontiers,pepper,2,13782,2290,5140,8642,3.056768558951965,2.7572195617472066,0.07937569601571155,0.1986269111797591,-0.9314346895074985,0.6585653104925013,0.07515684487014992,0.18859369347780258,-0.7555246252676757,0.5544753747323243,3.056768558951965,3.056768558951965,-0.12250611807892699,0.14153772504355894,-0.5214346895074984,0.26856531049250165,-0.14976043312793763,0.12164067133446678,-0.6355246252676756,0.2744753747323241,0.38910505836575876,0.19455252918287938,0.022003906983729588,0.09405254329060794,-0.1914346895074983,0.1785653104925018,0.06044028701302622,0.11252323154689597,-0.15552462526767563,0.24447537473232472,2.198565146956723,3.4714186530895628,0.16017948372084792,0.192099249448144,-0.9314346895074985,0.6585653104925013,0.1454854757424256,0.17376107198691768,-0.7555246252676757,0.5544753747323243,0
0,frontiers,minion,1,8117,1307,3993,4124,3.0604437643458304,2.956757422693113,-0.007632606174165194,0.1291012858320039,-0.9314346895074985,0.27856531049250144,-0.06076089602118781,0.15841014496558833,-0.8555246252676758,0.4344753747323242,3.0604437643458304,2.295332823259373,-0.013419422331926001,0.13369552001773533,-0.8814346895074987,0.18856531049250158,-0.08857806038217941,0.1262774304078797,-0.2555246252676753,0.2044753747323247,1.0017530678687703,1.5026296018031555,-0.04373040935185649,0.1313324967712531,-0.6814346895074985,0.27856531049250144,-0.1278234758423883,0.18911149224379187,-0.8555246252676758,0.4344753747323242,2.667313288069835,3.6372453928225026,0.01877583680829094,0.11980836895430162,-0.9314346895074985,0.2385653104925014,-0.006675520408340551,0.12229621560686486,-0.7555246252676757,0.2744753747323241,0
0,frontiers,pig,0,24532,8827,12192,12340,1.4727540500736378,2.160443502364259,0.09436857509731225,0.26560800825720676,-0.9814346895074983,1.1785653104925018,0.04149157251578545,0.25257455854983885,-0.6355246252676756,0.8144753747323241,1.4727540500736378,1.6993315962388127,-0.007415997918713484,0.20017295358295112,-0.5914346895074987,0.5585653104925017,-0.07499098257626031,0.1823334188733682,-0.6055246252676758,0.4644753747323245,0.41010498687664043,0.32808398950131235,-0.19496762363923484,0.18363882114031194,-0.47143468950749856,0.14856531049250155,-0.2359138468245621,0.25838636131829434,-0.6255246252676754,0.30447537473232433,1.9448946515397083,2.755267423014587,0.2558500205100758,0.21420797592897142,-0.9814346895074983,1.1785653104925018,0.20937102690623796,0.1586791034052507,-0.6355246252676756,0.8144753747323241,0
0,frontiers,hedge,3,12106,2125,5125,6981,4.235294117647059,3.3041467041136627,0.20964475781547204,0.1694353597481059,-0.9714346895074986,0.5285653104925014,0.23941605269842564,0.2154351295309371,-0.9055246252676756,0.7644753747323243,4.235294117647059,6.117647058823529,0.07937749323361813,0.12116505125960186,-0.8514346895074985,0.2485653104925012,0.09136532688543443,0.2044772705642403,-0.9055246252676756,0.7644753747323243,1.3658536585365855,1.170731707317073,0.14199864382583477,0.08973322905634507,-0.09143468950749867,0.3685653104925013,0.14510870806565754,0.1261042153643741,-0.20552462526767545,0.3944753747323242,2.435181206130927,3.008165019338204,0.27917045421413533,0.17416275017712465,-0.9714346895074986,0.5285653104925014,0.3276944507382856,0.2072933129787646,-0.4355246252676759,0.6744753747323244,1
0,frontiers,aliens,4,10638,1817,5228,5410,3.302146395156852,2.2560631697687534,0.2335601822873731,0.16038062713086676,-0.9714346895074986,0.5385653104925012,0.2521523438250461,0.17996475408412868,-0.8755246252676754,0.654475374732324,3.302146395156852,3.302146395156852,0.19713673906393017,0.15853313388146778,-0.11143468950749824,0.5085653104925019,0.21590394616089595,0.19272154606396485,-0.18552462526767588,0.5844753747323246,0.7651109410864576,0.5738332058148432,0.3267364019379292,0.08308166077474163,0.13856531049250176,0.4885653104925014,0.36901814759368146,0.09470296337273953,0.1444753747323242,0.654475374732324,1.8484288354898335,2.7726432532347505,0.17858733692421952,0.1733611357801254,-0.9714346895074986,0.5385653104925012,0.18364549921365217,0.1798987243953378,-0.8755246252676754,0.5644753747323241,0
1,frontiers,unicorn,1,18276,3579,6384,11892,3.0734842134674487,9.411249726417159,0.06853477477477359,0.2799405026534627,-1.3182400000000012,1.4317599999999988,0.0547472940938242,0.4980927058934588,-1.2646902654867285,2.0753097345132714,3.0734842134674487,11.735121542330258,0.1739000778210106,0.1311833604218021,-0.22824000000000133,0.7417599999999984,0.2166097345132713,0.41444193875984014,-0.6346902654867286,1.7453097345132713,0.4699248120300752,5.012531328320802,0.19211353535353418,0.31807220114263707,-0.618240000000001,1.4317599999999988,0.21691812612166286,0.5064814421049308,-0.6446902654867288,2.0353097345132714,2.186343760511268,8.24083417423478,-0.010163664122138632,0.28370359738110823,-1.3182400000000012,0.9917599999999984,-0.023953721577380193,0.4996799216593131,-1.2646902654867285,2.0753097345132714,1
1,frontiers,pepper,3,11185,1554,3120,8065,1.9305019305019304,9.745194456861869,0.006646515353803899,0.25515413018829597,-0.6282400000000012,1.2717599999999987,-0.07774710112420946,0.37888625631748496,-0.8846902654867286,1.345309734513271,1.9305019305019304,11.583011583011583,-0.008459780219781403,0.28181939851999793,-0.6282400000000012,0.5617599999999987,0.1398749519045755,0.40976651900265915,-0.40469026548672904,1.345309734513271,1.282051282051282,6.089743589743589,0.02133264957264835,0.2522498527472765,-0.47824000000000133,1.2717599999999987,-0.10042939592151137,0.3521065948787839,-0.7546902654867287,0.8553097345132716,2.1078735275883447,9.051456912585245,0.006011386321625466,0.25137481904688147,-0.5882400000000012,0.9617599999999991,-0.11696504026150338,0.3643176078125397,-0.8846902654867286,1.265309734513271,0
1,frontiers,minion,2,8293,1597,4684,3609,0.6261740763932373,11.817195224888462,0.16174248686514764,0.2768218751651409,-0.7782400000000012,1.4517599999999984,0.12469873654993129,0.34532923273426874,-0.5146902654867285,1.7953097345132711,0.6261740763932373,13.77582968065122,0.23680424778760942,0.30866105975708485,-0.4682400000000011,1.4517599999999984,0.0377193730674882,0.27394404966158636,-0.33469026548672876,1.7953097345132711,0.6404782237403928,7.685738684884714,0.09690285714285593,0.29607516918846716,-0.7782400000000012,1.3617599999999985,0.2855478297513666,0.4243938296110335,-0.4146902654867288,1.7253097345132717,1.9395954558049322,11.637572734829593,0.18244548387096657,0.22996200590727706,-0.4182400000000013,1.211759999999999,0.0421847345132713,0.2554261043234903,-0.5146902654867285,1.6453097345132717,0
1,frontiers,pig,5,12413,2021,3782,8631,2.9688273132112815,10.634012728590992,-0.17651981651376275,0.24327751471798612,-1.1282400000000012,1.0417599999999991,-0.3449843831337879,0.34461103229018836,-0.9746902654867289,1.7453097345132713,2.9688273132112815,8.906481939633846,0.06442187050359593,0.12237727090500512,-0.3582400000000012,0.29175999999999913,-0.2087671885636517,0.20834786115118412,-0.8046902654867285,0.7053097345132713,1.5864621893178212,4.49497620306716,-0.0293511111111123,0.15826672283065557,-0.5082400000000011,1.0417599999999991,-0.2829045512010141,0.2999405775555386,-0.9646902654867286,1.7353097345132715,2.7806743135210286,11.238558683814158,-0.26224329489291714,0.22651241594355162,-1.1282400000000012,0.5617599999999987,-0.39065322844969164,0.36850296167467117,-0.9746902654867289,1.7453097345132713,0
1,frontiers,hedge,4,18143,2143,4643,13500,2.7998133457769483,8.873945874441933,-0.09641220543806762,0.23301561903206192,-0.7482400000000013,1.2917599999999991,-0.2171380833235409,0.4067596977213825,-1.0646902654867287,2.0753097345132714,2.7998133457769483,10.732617825478302,-0.007962222222223446,0.1878622633533143,-0.6682400000000013,0.421759999999999,-0.1676366940581572,0.3315718459039295,-0.8946902654867288,1.4953097345132713,0.6461339651087659,6.461339651087659,-0.027818313253013233,0.27819625165685746,-0.7082400000000013,1.2917599999999991,0.016136802182444232,0.500449865973306,-0.6246902654867288,2.0753097345132714,2.888888888888889,8.074074074074074,-0.12041733990147895,0.22554620985487478,-0.7482400000000013,0.9717599999999988,-0.26234168699476335,0.38504650886122704,-1.0646902654867287,2.0653097345132716,0
1,frontiers,aliens,0,10380,4184,7619,2761,1.6730401529636711,10.693641618497109,0.15355039301309956,0.30188933208852287,-1.1282400000000012,1.4417599999999986,0.1370501054119873,0.4306567687804683,-0.6046902654867288,1.965309734513271,1.6730401529636711,11.950286806883364,0.18540406779660934,0.28231162879324195,-1.1282400000000012,1.421759999999999,0.14982465988640573,0.38208102039153946,-0.4946902654867289,1.885309734513271,0.525003281270508,5.512534453340334,0.29436869565217266,0.3148057996787656,-0.7382400000000011,1.4417599999999986,0.30299155269508965,0.45815750580398973,-0.4246902654867286,1.9453097345132715,2.897500905469033,6.881564650488953,-0.06435111111111226,0.14530041617939846,-0.5182400000000014,0.27175999999999867,-0.049503349598878234,0.38351073170166955,-0.6046902654867288,1.965309734513271,0
2,frontiers,unicorn,0,18574,9026,13986,4588,1.9942388654996677,2.961128459136427,0.27607025158749615,0.12941270309690536,-0.11687645687645398,1.553123543123546,0.3394357956033253,0.13505928813110488,-0.16808933002481563,1.5519106699751841,1.9942388654996677,2.7697762020828716,0.2901475027704562,0.1143612947563196,-0.11687645687645398,1.553123543123546,0.3413599816147336,0.11670152198873837,-0.16808933002481563,1.0719106699751841,0.6435006435006435,1.2155012155012155,0.24222354312354658,0.14358527720338862,-0.03687645687645391,1.213123543123546,0.29946066997518417,0.14264419341419735,-0.03808933002481574,1.5519106699751841,1.961639058413252,2.8334786399302527,0.2819792645165809,0.13659625813053528,-0.0468764568764537,1.3331235431235462,0.37621092442811055,0.1503485115436947,-0.16808933002481563,1.3619106699751837,0
2,frontiers,pepper,1,15307,7081,10851,4456,1.553452902132467,1.567910106487228,0.09517645317645627,0.13240689627285895,-0.3168764568764537,1.5831235431235462,0.1446156752999977,0.1107145298885298,-0.2180893300248159,1.5419106699751843,1.553452902132467,1.6946758932354187,0.052986556822176394,0.11459126349136275,-0.3168764568764537,0.4831235431235461,0.1239816758923439,0.1277652665149737,-0.2180893300248159,1.5419106699751843,0.6451018339323564,0.7372592387798359,0.1411923261923293,0.09138617467714988,0.003123543123546124,0.49312354312354634,0.16554462222982594,0.07402058162263409,-0.16808933002481563,0.4219106699751842,0.6732495511669658,0.8976660682226211,0.16955211455211772,0.2918494541644783,0.003123543123546124,1.5831235431235462,0.19136521542972962,0.1119262022382371,0.0019106699751842982,0.4819106699751843,0
2,frontiers,minion,2,15381,8282,11942,3439,1.207437816952427,1.4303361289903127,0.08413487703810613,0.10902401729034242,-0.32687645687645395,0.6931235431235461,0.15425623846220296,0.14401517807107123,-0.23808933002481592,1.4119106699751844,1.207437816952427,1.3281815986476697,0.035588578088581166,0.09377493177601356,-0.32687645687645395,0.6931235431235461,0.09275296388199403,0.12981483928602996,-0.23808933002481592,1.4119106699751844,0.2512142019762184,0.16747613465081226,0.154653597768355,0.0860096071314194,-0.0468764568764537,0.3531235431235462,0.19947299684498992,0.07977145910602339,0.05191066997518412,0.5119106699751841,1.4539110206455366,2.6170398371619656,0.09350631824316347,0.11422332582890206,-0.24687645687645388,0.6931235431235461,0.24514299320750746,0.1882935837215844,-0.19808933002481588,1.1319106699751842,0
2,frontiers,pig,4,15140,7489,9834,5306,2.0029376418747495,1.5191545574636722,0.2642355495699597,0.16022581200148564,-0.016876456876453894,1.093123543123546,0.3064175974405461,0.14703202004782712,-0.058089330024815755,1.4619106699751843,2.0029376418747495,1.735879289624783,0.29685348964761027,0.15120884362306022,0.03312354312354637,0.8331235431235462,0.30366670214676644,0.13413105680566909,-0.058089330024815755,1.0519106699751841,0.3050640634533252,0.10168802115110841,0.07445975002009804,0.037259228547529104,0.003123543123546124,0.2031235431235463,0.19518653204414976,0.06023440305126237,0.041910669975184334,0.37191066997518396,1.1307953260459858,1.6961929890689784,0.3394453822040059,0.1209874272793735,-0.016876456876453894,1.093123543123546,0.41829621214385865,0.15900328394802823,0.07191066997518414,1.4619106699751843,1
2,frontiers,hedge,5,16223,6425,8926,7297,2.0233463035019454,2.5272760895025583,0.22219020979021364,0.15856397698889477,-0.576876456876454,1.5831235431235462,0.24839780823884902,0.1711330580786391,-0.15808933002481584,1.5819106699751844,2.0233463035019454,2.490272373540856,0.20746257889337522,0.1309514314510111,-0.1768764568764536,0.7131235431235461,0.19762941997518393,0.12449880350249336,-0.12808933002481604,0.8019106699751841,0.6721935917544253,0.6721935917544253,0.3555635431235466,0.06349941023664403,0.24312354312354634,0.5131235431235464,0.4149106699751848,0.09189329415164182,0.23191066997518428,0.6519106699751842,1.2333835822940935,2.603809784843086,0.1596942237518186,0.19127838743653952,-0.576876456876454,1.5831235431235462,0.22258863607687918,0.21007915200712524,-0.15808933002481584,1.5819106699751844,0
2,frontiers,aliens,3,16700,8350,11908,4792,1.7964071856287427,1.6167664670658684,0.22163403263403594,0.143444401253534,-0.15687645687645357,1.5831235431235462,0.2778562387121001,0.13533773126679163,-0.07808933002481577,1.561910669975184,1.7964071856287427,1.7964071856287427,0.23062658819053766,0.1380932048379774,-0.1468764568764538,0.5631235431235462,0.25393259445752214,0.13597544436386427,-0.07808933002481577,1.1619106699751844,0.5878401074907625,0.5038629492777965,0.16646623975275956,0.07227338923546442,-0.03687645687645391,0.383123543123546,0.3160117935706895,0.09919978929371305,0.08191066997518437,0.9219106699751842,1.0434056761268782,1.2520868113522539,0.2700800648626767,0.20087464030586943,-0.15687645687645357,1.5831235431235462,0.30152004497518425,0.15895197125756783,-0.01808933002481572,1.561910669975184,0
3,frontiers,unicorn,1,24396,14707,21595,2801,1.4278914802475011,1.557632398753894,0.1979743356787443,0.07999578098089413,-0.16528183716076228,0.614718162839238,0.26026602870814897,0.11236504116451156,-0.21991578947366897,1.030084210526331,1.4278914802475011,1.5638811450329775,0.21043658135418392,0.0887797466501065,-0.16528183716076228,0.614718162839238,0.3021720154043788,0.10019479122701093,-0.16991578947366914,1.030084210526331,0.5093771706413522,0.6019912016670526,0.16546776411515476,0.06767413566510977,-0.10528183716076223,0.4247181628392376,0.18706808149407253,0.11472281576356122,-0.21991578947366897,1.0000842105263308,1.0710460549803642,0.7140307033202428,0.22461101998209462,0.03686149537484659,0.13471816283923754,0.28471816283923745,0.26894135338347375,0.050885854612974554,0.17008421052633071,0.41008421052633093,0
3,frontiers,pepper,2,27658,15185,22368,5290,0.9878169245966414,1.3377684575891242,0.1346612451509715,0.09214457731071682,-0.36528183716076246,0.5747181628392379,0.2201195462153774,0.12529099522109763,-0.16991578947366914,1.030084210526331,0.9878169245966414,0.9878169245966414,0.1267234398840924,0.09037883866907423,-0.14528183716076226,0.35471816283923774,0.258332449962951,0.1265921126788413,-0.05991578947366927,1.030084210526331,0.5811874105865522,0.6706008583690988,0.13280525459662496,0.0849513982625514,-0.11528183716076246,0.5747181628392379,0.20143854123499244,0.10421280154406859,-0.16991578947366914,0.8800842105263307,0.945179584120983,1.3232514177693762,0.15493641680749165,0.10158462172935229,-0.36528183716076246,0.38471816283923754,0.1561288352727812,0.1153871797758185,-0.04991578947366904,0.9700842105263305,0
3,frontiers,minion,4,27537,14391,20513,7024,0.8338544923910778,1.1257580709590733,0.058027053764993994,0.08475362737538548,-0.3152818371607622,0.4747181628392374,0.13246736647265245,0.12481027592071818,-0.1299157894736691,1.0100842105263306,0.8338544923910778,1.0423181154888472,0.06290553554799533,0.10108672270914193,-0.3152818371607622,0.4747181628392374,0.18212920030138166,0.12288792949016843,-0.07991578947366929,0.6800842105263305,0.3412470140886267,0.4387461609710915,0.06485622990038163,0.07620300450678508,-0.13528183716076247,0.38471816283923754,0.12240421052633076,0.1222510049710547,-0.1299157894736691,1.0100842105263306,1.1389521640091116,0.9965831435079726,0.0461178742389489,0.06080555429763486,-0.26528183716076237,0.17471816283923758,0.06872257070202643,0.09532960013152583,-0.1299157894736691,0.5900842105263306,0
3,frontiers,pig,0,50459,22223,31063,19396,0.9449669261575845,1.5061733288412373,0.21583375423708728,0.12507532514660388,-0.3052818371607624,0.7447181628392379,0.2666667741667835,0.12076839898884068,-0.17991578947366937,1.0200842105263312,0.9449669261575845,1.124960626378077,0.19147553245374993,0.13633492041372686,-0.3052818371607624,0.654718162839238,0.28945245184676305,0.11261389766601516,0.06008421052633084,0.5900842105263306,0.5472748929594695,0.5150822521971478,0.23101678266357878,0.12807023889669883,-0.1552818371607625,0.5947181628392375,0.2773865944661049,0.15675774337293497,-0.17991578947366937,0.950084210526331,1.5982676840585688,1.8044957723241906,0.2320539484409186,0.10818790473192608,-0.20528183716076231,0.7447181628392379,0.24089588161386366,0.10467586747200554,8.421052633078574e-05,1.0200842105263312,0
3,frontiers,hedge,3,28938,13710,20742,8196,1.75054704595186,1.8660584698320548,0.08496863542902963,0.11283446158340434,-0.3252818371607624,0.7647181628392374,0.1320439613648553,0.1286203146470986,-0.20991578947366918,1.0100842105263306,1.75054704595186,2.1152443471918305,0.06705329797437273,0.11812824176411636,-0.19528183716076253,0.7647181628392374,0.1514219298245767,0.1364428445030664,-0.06991578947366905,1.0100842105263306,0.2892681515765114,0.38569086876868186,0.10956352366397987,0.13953124479125117,-0.1752818371607625,0.6347181628392375,0.12365010199919929,0.17135605954991845,-0.20991578947366918,1.0000842105263308,2.1961932650073206,2.0741825280624697,0.093721898829275,0.08581429660746777,-0.3252818371607624,0.3447181628392375,0.11373903286135624,0.0842145420177649,-0.11991578947366932,0.6000842105263304,0
3,frontiers,aliens,5,27247,18225,24396,2851,1.316872427983539,1.5414541050390869,0.1322385857128564,0.09777526572458607,-0.1852818371607623,0.7447181628392379,0.2498418450391765,0.14435125083114536,-0.20991578947366918,0.7900842105263308,1.316872427983539,1.4266117969821672,0.14337343772779637,0.08658779865258494,-0.06528183716076219,0.5047181628392376,0.30819010165235644,0.11880872927456092,-0.1299157894736691,0.7900842105263308,0.24594195769798327,0.2869322839809805,0.051014459135533895,0.08656349997393442,-0.16528183716076228,0.5247181628392372,0.07570367955287949,0.09908367926125881,-0.08991578947366907,0.6400842105263305,2.455278849526482,3.156787092248334,0.21305751301974293,0.07053203869295777,-0.1852818371607623,0.7447181628392379,0.2517447271314967,0.07080366090994619,-0.20991578947366918,0.3600842105263311,1
4,frontiers,unicorn,2,14361,5074,8591,5770,1.7737485218762319,2.158624051249913,0.04888212798929907,0.1333305365545287,-0.4094428969359254,0.530557103064075,0.09721260504200914,0.14088077544927435,-0.22155882352941925,1.0684411764705808,1.7737485218762319,1.5766653527788728,0.009046529045947802,0.12063775871278962,-0.4094428969359254,0.40055710306407466,0.05996789402783256,0.13292321676351088,-0.22155882352941925,0.4884411764705807,0.5820044232336167,0.5820044232336167,0.06771619397316565,0.09276627326556491,-0.20944289693592522,0.3205571030640746,0.10852640374330785,0.07614458886633652,-0.09155882352941935,0.28844117647058054,1.906412478336222,3.1195840554592724,0.06936960306407469,0.1698694755238078,-0.2594428969359255,0.530557103064075,0.13214609450336753,0.1893228362464963,-0.22155882352941925,1.0684411764705808,0
4,frontiers,pepper,4,16416,5326,9288,7128,0.938790837401427,1.7665692007797271,-0.009406763241255039,0.13536635226704952,-0.4394428969359252,0.7005571030640749,0.016902030563107292,0.13858346231185076,-0.6615588235294192,1.0684411764705808,0.938790837401427,0.7510326699211416,0.1859142459212175,0.15318922140106497,-0.07944289693592532,0.570557103064075,0.18670933289516173,0.13057700660701047,-0.1615588235294192,0.9984411764705805,0.6459948320413437,0.43066322136089574,-0.021707527979182323,0.08484205731665873,-0.31944289693592554,0.13055710306407464,0.0017829486224793837,0.09380275315463613,-0.29155882352941953,0.3284411764705806,1.9640852974186307,2.946127946127946,-0.06065168814471657,0.10157658292048498,-0.4394428969359252,0.7005571030640749,-0.027504278074873992,0.12609923495328565,-0.6615588235294192,1.0684411764705808,0
4,frontiers,minion,1,16575,4422,8502,8073,2.03527815468114,2.5339366515837107,0.05137178524849727,0.10350990221193757,-0.4394428969359252,0.7505571030640747,0.11723277016585197,0.1394144899190397,-0.36155882352941937,1.0684411764705808,2.03527815468114,2.4875621890547266,0.06544516276556728,0.08654622807911987,-0.13944289693592538,0.24055710306407452,0.10694117647058067,0.05835161004004285,-0.05155882352941932,0.25844117647058074,0.9409550693954363,0.9409550693954363,0.03261895873417774,0.07975334254558604,-0.19944289693592543,0.3605571030640746,0.09272689075629485,0.0935752339284381,-0.36155882352941937,0.5284411764705808,2.229654403567447,2.849002849002849,0.05897358896429161,0.12579783673666356,-0.4394428969359252,0.7505571030640747,0.14305333579972115,0.19056336894306983,-0.32155882352941934,1.0684411764705808,0
4,frontiers,pig,3,14652,5638,9476,5176,1.0642071656615821,0.819000819000819,0.04944192938948604,0.11807692705776122,-0.39944289693592516,0.6305571030640746,0.0730688360450486,0.12151808999605308,-0.33155882352941957,0.8384411764705804,1.0642071656615821,0.5321035828307911,0.08891326744763639,0.15090480533757897,-0.12944289693592514,0.6305571030640746,0.1391728837876538,0.17223856902925838,-0.1315588235294194,0.7984411764705803,0.5276487969607428,0.4221190375685943,0.051989394730741344,0.09934133260857408,-0.13944289693592538,0.3105571030640748,0.0521130514705806,0.09340557925327421,-0.17155882352941942,0.38844117647058063,0.7727975270479134,0.9659969088098918,0.006557103064074666,0.1465467674709332,-0.39944289693592516,0.4505571030640749,0.09986974789915204,0.14257571690700482,-0.33155882352941957,0.8384411764705804,0
4,frontiers,hedge,5,17967,6016,10626,7341,2.160904255319149,2.114988590193132,-0.02072789334654978,0.10330737480916113,-0.48944289693592546,0.5905571030640746,0.03323462376402795,0.1508933721691798,-0.36155882352941937,1.0484411764705803,2.160904255319149,2.327127659574468,-0.027349094590866728,0.08463584397692075,-0.4194428969359252,0.23055710306407473,0.03031825288254073,0.06894231720012467,-0.2615588235294193,0.20844117647058047,0.47054394880481837,0.6587615283267457,-0.06867557020325196,0.07978976918927388,-0.48944289693592546,0.14055710306407487,-0.061832455370215374,0.14623512905188576,-0.36155882352941937,1.0484411764705803,1.3622122326658492,2.315760795531944,0.03877138877836033,0.12050989283498577,-0.34944289693592534,0.5905571030640746,0.13316617647058052,0.1796680993939926,-0.23155882352941948,1.018441176470581,0
4,frontiers,aliens,0,21187,3107,10195,10992,0.9655616350177019,1.6519563883513475,0.2244350558199799,0.14372033948296323,-0.5194428969359253,0.6605571030640749,0.29375243474872625,0.18312037220032074,-0.7815588235294193,1.0684411764705808,0.9655616350177019,0.9655616350177019,0.3217109492179208,0.046064239192450014,0.2205571030640745,0.4805571030640743,0.4435592867068013,0.08399608968347717,0.30844117647058056,1.0684411764705808,0.784698381559588,0.980872976949485,0.1364745342567352,0.17120085016656278,-0.5194428969359253,0.6605571030640749,0.18273351985805159,0.1804230117634611,-0.3015588235294193,0.5884411764705808,2.1834061135371177,2.0014556040756912,0.2512669151726344,0.11718447855575713,-0.21944289693592545,0.5205571030640743,0.3240294117646978,0.16749490501294295,-0.7815588235294193,0.8784411764705804,1
5,frontiers,unicorn,0,42394,10191,14914,27480,2.256893337258365,3.090059914138793,0.0343712770009366,0.1645472014705524,-0.8470362473347643,0.5629637526652358,0.05423447216958793,0.1933767032314859,-1.0347652582159608,0.6152347417840396,2.256893337258365,2.355019134530468,-0.10894982758167833,0.1256318219955438,-0.6570362473347644,0.2629637526652351,-0.11911308430291723,0.12079227785303548,-0.4847652582159605,0.3152347417840389,0.46935765052970363,0.46935765052970363,0.005793539899277952,0.11579461619902541,-0.4270362473347644,0.3129637526652358,0.04855389072020959,0.17045043879251817,-0.6147652582159608,0.4252347417840392,2.1470160116448325,3.6390101892285296,0.0857483619472664,0.1545015693694893,-0.8470362473347643,0.5629637526652358,0.11266284367393223,0.18222231820015683,-1.0347652582159608,0.6152347417840396,0
5,frontiers,pepper,3,47136,5636,9091,38045,1.9517388218594747,3.946028513238289,0.10250694793150762,0.24473655167751937,-0.7070362473347647,0.6329637526652352,0.1206527363905604,0.2837030332302612,-0.9347652582159607,0.8252347417840395,1.9517388218594747,2.1291696238466997,-0.2884106549177029,0.14209162715433965,-0.6170362473347644,0.20296375266523548,-0.30145539906103125,0.1434813625822206,-0.9347652582159607,0.025234741784039283,0.6599934000659994,0.9899901000989991,-0.24316527959282888,0.1804736203254223,-0.7070362473347647,0.22296375266523505,-0.23841390686460928,0.19413309657193528,-0.5347652582159608,0.2952347417840393,2.2079116835326587,4.336969378367722,0.18041293674768646,0.1788548371103846,-0.6370362473347644,0.6329637526652352,0.20587817341942768,0.22500934306364423,-0.7947652582159606,0.8252347417840395,0
5,frontiers,minion,2,36357,8176,11630,24727,1.467710371819961,2.750501966608906,-0.006997770997712004,0.20141932498504492,-0.8970362473347646,0.5729637526652356,0.02388655890010021,0.20582130977972315,-0.8247652582159608,0.5452347417840393,1.467710371819961,1.8346379647749511,-0.36598895003746756,0.1528372939872615,-0.7070362473347647,0.1929637526652357,-0.32069118414188663,0.16547607782496046,-0.8247652582159608,0.1652347417840394,0.34393809114359414,0.17196904557179707,-0.1367455496603459,0.08934440406159268,-0.3270362473347648,0.11296375266523562,-0.10738153728572812,0.10120621428559123,-0.28476525821596077,0.20523474178403944,2.1838476159663527,3.35665466898532,0.07002858165962046,0.14330553865411771,-0.8970362473347646,0.5729637526652356,0.1007874008038516,0.15186299899915615,-0.7347652582159605,0.5452347417840393,1
5,frontiers,pig,4,38500,4229,7501,30999,1.8917001655237644,3.74025974025974,0.06173238713154412,0.26479790135044945,-0.8770362473347646,0.722963752665235,0.08033083601838509,0.28811443689536,-0.8747652582159606,0.8252347417840395,1.8917001655237644,2.128162686214235,-0.4448695806680977,0.15145974972911302,-0.8770362473347646,-0.11703624733476437,-0.4316376861994998,0.11875078155928083,-0.7247652582159607,-0.0747652582159608,1.0665244634048794,1.599786695107319,-0.10418980538719902,0.27385466690731514,-0.6370362473347644,0.5929637526652352,-0.08045631512652986,0.3034134548314493,-0.7047652582159607,0.645234741784039,2.58072841059389,3.967869931288106,0.1197650167101792,0.21492220884238092,-0.7670362473347647,0.722963752665235,0.1399644715137687,0.24360243160518874,-0.8747652582159606,0.8252347417840395,0
5,frontiers,hedge,5,38864,4637,7182,31682,2.587880094888937,4.1941128036228905,0.14643325952254524,0.20975261856154157,-0.6470362473347646,0.7429637526652355,0.17895460751489037,0.2601045593954418,-0.9347652582159607,0.7552347417840393,2.587880094888937,2.587880094888937,-0.2140420612882532,0.09689367784200133,-0.5470362473347645,0.0029637526652352975,-0.18171816680321828,0.1632333724682241,-0.5147652582159608,0.25523474178403927,0.835421888053467,1.113895850737956,0.07304743467360365,0.1526268356190736,-0.2470362473347647,0.35296375266523583,0.1033360076068241,0.22608163338939757,-0.3447652582159608,0.515234741784039,2.335711129347895,4.5136039391452565,0.19595742799903756,0.17704694787711764,-0.6470362473347646,0.7429637526652355,0.23404488725214764,0.23161140928709964,-0.9347652582159607,0.7552347417840393,0
5,frontiers,aliens,1,38909,5568,9750,29159,1.4367816091954024,2.621501452106197,0.09118759694747385,0.20930166767044417,-0.7470362473347647,0.8729637526652354,0.12002627684405177,0.22113938218884227,-0.8147652582159606,0.6752347417840392,1.4367816091954024,2.1551724137931036,-0.33989931787418365,0.11237816516357846,-0.7470362473347647,0.04296375266523533,-0.2836587008389115,0.11645662272880829,-0.5447652582159606,-0.02476525821596054,0.8205128205128205,1.1282051282051282,-0.11617462853580891,0.13469002289138782,-0.45703624733476467,0.20296375266523548,-0.08988525821596072,0.15855775108082062,-0.4747652582159607,0.2952347417840393,1.474673342707226,2.7092835831132756,0.15999828719976988,0.15030869827667198,-0.6870362473347646,0.8729637526652354,0.18960458866272045,0.16986439719523627,-0.8147652582159606,0.6752347417840392,0
6,frontiers,unicorn,0,14447,3564,6814,7633,3.3670033670033668,3.9454558039731435,0.23045701878108388,0.2578717557030291,-0.7250789473684227,0.7949210526315778,0.19805238069982362,0.2190584775697048,-1.023254716981132,0.7267452830188681,3.3670033670033668,3.3670033670033668,0.4726830922916342,0.1355474171827661,-0.4050789473684224,0.7949210526315778,0.39663164665523193,0.14121365936515332,0.0367452830188677,0.7267452830188681,1.7610801291458762,2.348106838861168,0.23235855263157737,0.29835231298680576,-0.7250789473684227,0.7149210526315777,0.24994528301886781,0.20785257120859643,-1.023254716981132,0.5567452830188682,3.6682824577492466,3.7992925455260056,0.1148673613564097,0.1963983425116651,-0.6750789473684224,0.5549210526315775,0.08174528301886778,0.1733702636617585,-0.3332547169811324,0.4167452830188676,0
6,frontiers,pepper,2,13464,4502,6653,6811,3.331852509995558,2.8966131907308377,0.09643713226404294,0.21398821567139628,-0.4850789473684225,1.2149210526315777,0.022444289894345576,0.22207336413592182,-1.0032547169811319,0.8867452830188682,3.331852509995558,3.7760995113282987,0.230300199551009,0.1734414091688384,-0.11507894736842239,0.5749210526315771,0.1438266227317867,0.2203846606362712,-1.0032547169811319,0.8867452830188682,0.9018487900195401,0.7515406583496168,0.10875991519081905,0.1903003956321365,-0.3650789473684224,0.4649210526315777,-0.008894527407672345,0.23461608585285948,-0.5232547169811319,0.31674528301886795,2.202319776831596,2.4959624137424754,0.009179212868966096,0.1997006641084283,-0.4850789473684225,1.2149210526315777,-0.041756919624303786,0.18662589287716744,-0.373254716981132,0.4767452830188681,0
6,frontiers,minion,3,16357,2749,4787,11570,3.6376864314296107,3.056795255853763,0.061285824649066595,0.18246137086576344,-0.8350789473684226,0.7949210526315778,-0.0010574635479235028,0.170028960438596,-0.393254716981132,0.5867452830188684,3.6376864314296107,3.6376864314296107,0.039757416267941,0.15114004281285973,-0.3550789473684226,0.454921052631577,-0.09209108061749563,0.12266546454119902,-0.30325471698113216,0.2767452830188679,1.2533946104031752,1.2533946104031752,0.23923477812177352,0.2719588124565037,-0.6850789473684227,0.7949210526315778,0.17875508694043668,0.22594820432217314,-0.32325471698113173,0.5867452830188684,2.8522039757994815,2.9386343993085564,0.03420804015385906,0.14808991888961642,-0.8350789473684226,0.3449210526315776,-0.01142924948335818,0.1425592343086106,-0.393254716981132,0.37674528301886845,0
6,frontiers,pig,5,41988,5054,7035,34953,2.374356944994064,2.953224730875488,0.17346810285098274,0.18057127127151007,-0.9950789473684227,1.2949210526315778,0.05658964099552171,0.16260221259269642,-1.0132547169811321,0.6367452830188682,2.374356944994064,4.9465769687376335,0.4459896010186744,0.190982222819403,-0.295078947368423,0.8749210526315778,0.2174696290953269,0.23806655359870238,-1.0132547169811321,0.6367452830188682,0.9950248756218906,1.1371712864250176,0.0944641998396993,0.0775208623417452,-0.09507894736842282,0.454921052631577,-0.06721410784407619,0.11195643456471535,-0.5332547169811321,0.23674528301886788,2.37461734328956,2.632105970875175,0.13838247826959432,0.14557393614726571,-0.9950789473684227,1.2949210526315778,0.040332175938704175,0.1339811865642939,-0.9932547169811321,0.4667452830188683,1
6,frontiers,hedge,4,14367,2764,4834,9533,3.6179450072358903,3.0625739542005985,0.0759929849305894,0.34842661844700823,-0.4350789473684227,1.2749210526315773,-0.032011739453041914,0.30923397288426685,-0.853254716981132,0.7567452830188683,3.6179450072358903,5.065123010130247,0.3854338731443979,0.23755284400596907,-0.39507894736842264,0.9849210526315773,0.19036847142466512,0.21144160433122114,-0.853254716981132,0.6667452830188676,1.4480761274306992,1.4480761274306992,0.5559062743064541,0.2572994071680592,0.004921052631577716,0.9249210526315776,0.39812459336369577,0.24485612863115142,-0.4732547169811321,0.7567452830188683,2.097975453687192,2.412671771740271,-0.1171065482176794,0.19363744314094208,-0.4350789473684227,1.2749210526315773,-0.18936053708695225,0.19815213461191855,-0.583254716981132,0.6767452830188683,0
6,frontiers,aliens,1,19278,3944,6158,13120,3.8032454361054766,3.579209461562403,0.024974816072437518,0.20939652348391985,-1.0150789473684227,1.0549210526315775,-0.0403738156935783,0.20009743944167377,-0.9532547169811321,0.7967452830188684,3.8032454361054766,3.8032454361054766,0.2211028708133956,0.14230695323628412,-0.3050789473684228,0.5449210526315778,0.12956512636090461,0.18109870156884902,-0.9532547169811321,0.42674528301886827,1.2991230919129586,1.4615134784020785,0.15666633565044533,0.23364263882918812,-1.0150789473684227,0.5049210526315777,0.005195987244220033,0.23221034637613436,-0.7732547169811319,0.32674528301886774,2.5152439024390247,3.429878048780488,-0.05666913724184033,0.16731758178289946,-0.9950789473684227,1.0549210526315775,-0.09918852312770404,0.16558094468470225,-0.8232547169811322,0.7967452830188684,0
7,frontiers,unicorn,1,8672,1381,4190,4482,2.172338884866039,1.614391143911439,0.26114792317234675,0.15839044467932922,-0.16941908713693143,0.5505809128630688,0.1564490310782186,0.12273049856987195,-0.5926371308016769,0.4173628691983229,2.172338884866039,2.172338884866039,0.4050012027181409,0.0773183589868003,0.24058091286306826,0.5505809128630688,0.2459135938360042,0.1073812413081192,-0.5926371308016769,0.4073628691983231,1.431980906921241,2.1479713603818613,0.18925112562902593,0.152170878358099,-0.16941908713693143,0.500580912863068,0.10359237739504434,0.11367725570729356,-0.212637130801677,0.4173628691983229,0.44622936189201245,0.44622936189201245,0.15896800963726213,0.03729341120495629,0.06058091286306855,0.24058091286306826,0.11333061113380677,0.03868577395235838,-0.08263713080167712,0.1873628691983229,0
7,frontiers,pepper,4,7637,1337,3719,3918,2.9917726252804786,1.3094146916328402,0.050400732682888263,0.1351379663339969,-0.2494190871369315,0.34058091286306835,0.04915425241827765,0.1162274886048931,-0.2226371308016768,0.4173628691983229,2.9917726252804786,2.2438294689603593,0.0949092710720237,0.06917828944921126,-0.07941908713693158,0.21058091286306846,0.058482272183397625,0.08886638147258984,-0.1626371308016772,0.4173628691983229,1.3444474321054047,1.3444474321054047,0.06187961416176981,0.1604316241948087,-0.23941908713693172,0.34058091286306835,0.061748834110603716,0.13557861050304762,-0.2226371308016768,0.327362869198323,0.5104645227156712,0.5104645227156712,-0.0580440871369315,0.061700455448332366,-0.2494190871369315,0.07058091286306833,-0.0036371308016769632,0.0763502920008011,-0.14263713080167717,0.26736286919832297,0
7,frontiers,minion,0,13276,2170,6340,6936,2.7649769585253456,1.732449532991865,0.22222297928373227,0.16721574499907796,-0.20941908713693147,0.5905809128630688,0.19723383694025895,0.1377922320106468,-0.3626371308016769,0.537362869198323,2.7649769585253456,2.3041474654377883,0.29512172918959906,0.15387738497757017,-0.20941908713693147,0.5705809128630683,0.25188063569578484,0.12260936783419239,-0.2926371308016771,0.4573628691983229,0.9463722397476341,0.7886435331230284,0.20578474979352412,0.22829745943668003,-0.11941908713693161,0.5905809128630688,0.1935499195580353,0.1822445354387569,-0.07263713080167689,0.537362869198323,2.0184544405997693,1.8742791234140714,0.20644078547453343,0.07595108660565363,-0.14941908713693142,0.36058091286306837,0.17763887769089198,0.0804728594249886,-0.3626371308016769,0.34736286919832304,0
7,frontiers,pig,3,6796,736,3045,3751,4.076086956521739,1.0300176574455562,0.02552676123851971,0.19920970841437965,-0.3594190871369314,1.0205809128630685,-0.024050174279937844,0.16647084279829985,-0.5226371308016771,0.37736286919832285,4.076086956521739,2.717391304347826,0.1603069402603287,0.08161516407880555,0.020580912863068512,0.3005809128630683,0.12023958152709009,0.06729865963777505,-0.0026371308016770456,0.37736286919832285,1.6420361247947455,0.9852216748768473,-0.11428921700706146,0.14671227906154954,-0.3594190871369314,1.0205809128630685,-0.14963059485396446,0.10811230130675441,-0.5226371308016771,0.19736286919832313,0.5331911490269262,0.5331911490269262,0.2593809128630685,0.047192181988294675,0.1505809128630684,0.32058091286306833,0.149562869198323,0.04001479318288911,0.09736286919832304,0.34736286919832304,1
7,frontiers,hedge,5,6718,1001,3755,2963,3.9960039960039966,1.0419767788032153,-0.07743561606255134,0.0962037992844258,-0.6394190871369316,0.06058091286306855,-0.08470324650415638,0.09305660389376309,-0.6326371308016769,0.20736286919832292,3.9960039960039966,2.997002997002997,-0.04111908713693157,0.07605228132639735,-0.30941908713693156,0.06058091286306855,-0.040137130801677,0.11042960187240092,-0.4726371308016768,0.20736286919832292,1.0652463382157125,1.0652463382157125,-0.09586536812866703,0.10224743809049723,-0.6394190871369316,0.04058091286306853,-0.1018520068347348,0.08217860385351149,-0.6326371308016769,0.017362869198322972,0.3374957813027337,0.0,-0.03799051570836008,0.023934434249782078,-0.07941908713693158,0.0005809128630684945,-0.09930379746834368,0.035823642100341134,-0.17263713080167697,-0.05263713080167687,0
7,frontiers,aliens,2,9299,1297,3860,5439,2.3130300693909023,0.5376922249704269,0.008029366471315955,0.18917455653438114,-0.29941908713693133,0.34058091286306835,0.01580674674934352,0.1585028319537409,-0.28263713080167685,0.3173628691983228,2.3130300693909023,2.3130300693909023,0.17660241823941272,0.061822673921084106,-0.13941908713693163,0.34058091286306835,0.17066183827048798,0.049344065192882675,-0.022637130801677063,0.3173628691983228,0.5181347150259068,0.2590673575129534,-0.04703627463693146,0.18893972982767013,-0.29941908713693133,0.24058091286306826,-0.056660568301676824,0.14485362265939025,-0.28263713080167685,0.20736286919832292,0.36771465342893916,0.18385732671446958,-0.03249601021385462,0.15490495976147586,-0.2494190871369315,0.19058091286306844,0.10633722817268196,0.0809091391557244,-0.12263713080167715,0.22736286919832294,0
8,frontiers,unicorn,0,12532,2625,7702,4830,0.7619047619047619,1.1969358442387488,0.4308855666912582,0.18978952523798806,-0.10815126050421009,0.8218487394957896,0.3188967392774889,0.17258407470771397,-0.1664631578947473,0.8735368421052532,0.7619047619047619,0.7619047619047619,0.3028291316526526,0.10109905839246541,-0.048151260504210036,0.47184873949579,0.18667409700721352,0.05132212762847738,0.11353684210525294,0.3135368421052527,1.038691249026227,1.1685276551545054,0.2943114260629539,0.16348927769381438,-0.10815126050421009,0.8218487394957896,0.18949614443083407,0.15541614812138385,-0.1664631578947473,0.8735368421052532,0.8281573498964803,0.8281573498964803,0.5423396955681414,0.13566194190988995,-0.048151260504210036,0.7318487394957898,0.45272744262744585,0.05639819828733247,0.05353684210525289,0.5735368421052525,1
8,frontiers,pepper,5,9478,1500,4532,4946,0.0,1.4771048744460857,0.1288645214183148,0.12057806663266735,-0.4581512605042102,1.1018487394957899,-0.1292545248012221,0.19123964155407558,-0.8064631578947474,0.5235368421052526,0.0,0.0,,,,,,,,,0.6619593998234775,0.6619593998234775,0.05844356708199674,0.10318331339711137,-0.4581512605042102,0.24184873949579,-0.18801488203267844,0.2554890173875828,-0.5664631578947472,0.5235368421052526,1.819652244237768,2.2240194096239385,0.16399927713019805,0.11309945141454332,-0.3781512605042101,1.1018487394957899,-0.09981089007617273,0.1403498335955565,-0.8064631578947474,0.173536842105253,0
8,frontiers,minion,4,7718,1894,5037,2681,2.639915522703274,1.166105208603265,0.02541419910581766,0.1624122987377575,-0.54815126050421,1.09184873949579,-0.28403299029698176,0.16541422205383355,-0.8964631578947473,0.3535368421052527,2.639915522703274,2.639915522703274,0.033472671119721464,0.16404875886275114,-0.1281512605042101,1.09184873949579,-0.3402238416554308,0.15928031295825656,-0.8964631578947473,0.3535368421052527,0.7941234862021045,0.7941234862021045,0.030922813569863847,0.1612799792187892,-0.54815126050421,0.2518487394957898,-0.24961130604289553,0.16884641788845883,-0.7264631578947474,0.32353684210525246,0.37299515106303616,0.0,-0.05661279896574864,0.1469610100044854,-0.29815126050421004,0.3918487394957899,-0.3184631578947474,0.041231056256176644,-0.34646315789474746,-0.1464631578947473,0
8,frontiers,pig,1,14105,2289,5818,8287,0.436871996505024,1.347040056717476,0.35273704204636297,0.13771143415564358,-0.6181512605042103,0.6618487394957899,0.12255886853697077,0.1259364024758252,-0.4464631578947471,0.8135368421052527,0.436871996505024,0.0,0.1337535014005517,0.022049727349572334,0.09184873949578964,0.17184873949578972,-0.12360601503760439,0.029688862750677572,-0.1664631578947473,-0.06646315789474722,1.2031625988312136,1.5469233413544174,0.2965584169151451,0.10673021778411734,-0.17815126050421037,0.46184873949578975,0.09334266734797124,0.16320241146751926,-0.4464631578947471,0.8135368421052527,1.3273802341016048,1.2067093037287315,0.37975456353544396,0.13860328110039558,-0.6181512605042103,0.6618487394957899,0.13988919942535177,0.09992591001001941,-0.35646315789474725,0.3635368421052525,0
8,frontiers,hedge,2,10078,1805,4813,5265,0.554016620498615,1.885294701329629,0.10956441385787967,0.1924610285947213,-0.3681512605042103,0.7318487394957898,-0.13473145057767424,0.18950530347058708,-0.8564631578947473,0.3135368421052527,0.554016620498615,1.10803324099723,-0.1305957049486546,0.1201619797327066,-0.28815126050421025,0.4218487394957897,-0.2381298245614139,0.09766084399306722,-0.7164631578947471,-0.006463157894747162,1.246623727404945,1.4543943486391024,-0.03847268907563886,0.11934515276705324,-0.3681512605042103,0.3518487394957899,-0.2841969708443876,0.21377534939228096,-0.8564631578947473,0.3135368421052527,1.8993352326685662,1.8993352326685662,0.2487803068247082,0.10603717496590723,-0.3281512605042103,0.7318487394957898,-0.022215370284127813,0.08168736366856912,-0.4064631578947471,0.2935368421052531,0
8,frontiers,aliens,3,7834,1255,4743,3091,0.0,1.5317845289762575,0.20746812908286344,0.1277623644961266,-0.23815126050420998,0.6318487394957897,-0.013831578947378836,0.11038020417486191,-0.32646315789474745,0.4935368421052524,0.0,0.0,,,,,,,,,0.843348091924942,1.0541851149061774,0.1723097324035914,0.14007674651530536,-0.23815126050420998,0.5618487394957898,0.006930343910306864,0.10788497142359423,-0.24646315789474738,0.4935368421052524,2.2646392753154316,2.2646392753154316,0.24352146676851713,0.10209539237396893,-0.16815126050421014,0.6318487394957897,-0.03482082212832386,0.10908478654390845,-0.32646315789474745,0.12353684210525273,0
9,frontiers,unicorn,5,19514,3860,6452,13062,1.2953367875647668,2.7672440299272316,-0.1789868474474151,0.13915227073446734,-0.840855397148665,0.43914460285133483,-0.24485410710602082,0.1473290294820352,-0.792972972972978,0.6170270270270217,1.2953367875647668,2.3316062176165806,-0.02424640060887248,0.10476622150665368,-0.32085539714866496,0.43914460285133483,-0.10819788646778758,0.1549104846872913,-0.522972972972978,0.33702702702702236,1.7048977061376318,2.1698698078115313,-0.17971366486520038,0.13538948204484252,-0.840855397148665,0.0791446028513354,-0.3119649084568489,0.11904899790553305,-0.792972972972978,0.6170270270270217,2.3732965855152353,2.3732965855152353,-0.21329761594681537,0.12224373117746996,-0.5508553971486649,0.06914460285133472,-0.2624718164579428,0.1316396310976042,-0.6629729729729781,0.09702702702702215,0
9,frontiers,pepper,3,19014,3575,7209,11805,1.3986013986013985,1.577784790154623,-0.06422167262735554,0.18756318061792174,-0.42085539714866504,0.5391446028513354,-0.131085122505688,0.16497294385041128,-0.6929729729729779,0.7870270270270217,1.3986013986013985,1.958041958041958,0.11686390109694923,0.1546123906794616,-0.2708553971486647,0.3991446028513348,-0.039783008815271824,0.1354589976443221,-0.6929729729729779,0.22702702702702204,0.8322929671244278,1.1097239561659038,0.1661295274744507,0.1379868050120873,-0.1008553971486652,0.5391446028513354,0.0550980930168698,0.16207939294597393,-0.602972972972978,0.47702702702702204,1.3553578991952562,1.3553578991952562,-0.15008006675218905,0.12630384443582515,-0.42085539714866504,0.18914460285133483,-0.18613506331841606,0.13588627956100446,-0.5329729729729777,0.7870270270270217,0
9,frontiers,minion,0,32821,5179,10154,22667,2.317049623479436,2.224185734743,-0.023746047958047075,0.17003732610462255,-0.8708553971486648,0.6291446028513352,-0.05550554898366949,0.18077392582255572,-1.042972972972978,0.7670270270270221,2.317049623479436,2.5101370921027226,0.0035723136947086102,0.2341081376973762,-0.5508553971486649,0.4591446028513353,-0.058713713713718495,0.2794317665246792,-0.6829729729729781,0.7670270270270221,1.2802836320661808,1.5757337010045303,-0.03721531534907389,0.24393512580862978,-0.8708553971486648,0.6291446028513352,0.05138325020298771,0.23834671080714886,-1.042972972972978,0.7370270270270218,1.985264922574668,1.9411479242952308,-0.024871716278311293,0.13463887268326433,-0.43085539714866483,0.49914460285133533,-0.07764387628664109,0.13432685542891176,-0.4429729729729779,0.397027027027022,0
9,frontiers,pig,4,30723,4576,6926,23797,2.6223776223776225,2.083129902678775,-0.23811967794701305,0.1463875400681715,-0.590855397148665,0.2791446028513347,-0.28101449546432855,0.16128713306689738,-0.9529729729729781,0.3170270270270219,2.6223776223776225,2.403846153846154,-0.09632051342773461,0.09340225525578542,-0.3108553971486647,0.2791446028513347,-0.13698460087995454,0.11994488473712293,-0.4229729729729783,0.3170270270270219,1.0106843777071903,0.8663008951775917,-0.15124187057861657,0.13903217973048454,-0.4808553971486651,0.22914460285133487,-0.4206887090135869,0.2062526695092335,-0.8029729729729778,0.01702702702702208,1.9750388704458546,1.9750388704458546,-0.2664689852590691,0.13811756096858183,-0.590855397148665,0.09914460285133497,-0.2903931517724677,0.14693716611241342,-0.9529729729729781,0.08702702702702236,0
9,frontiers,hedge,1,30584,5829,9237,21347,2.573340195573855,2.517656290871044,-0.15451376263445873,0.22368911952143455,-1.1008553971486648,0.48914460285133554,-0.20357325545885385,0.21862692441796175,-0.8929729729729781,1.067027027027022,2.573340195573855,3.088008234688626,-0.10016060806677907,0.24497946639030452,-0.9908553971486649,0.3991446028513348,-0.12716120826709565,0.2064819018816456,-0.8929729729729781,0.5670270270270219,0.7578218036158926,0.974342318934719,0.03242818494088737,0.14472344119127362,-0.6008553971486648,0.3391446028513352,-0.0312806652806702,0.16399496784256157,-0.6129729729729778,0.2670270270270221,1.8269546072047593,2.342249496416358,-0.19437952203040473,0.2123606363748001,-1.1008553971486648,0.48914460285133554,-0.24593984767292934,0.21101427524809643,-0.6429729729729781,1.067027027027022,0
9,frontiers,aliens,2,32221,6886,9574,22647,1.7426662794074934,2.4518171378914375,0.16454600869669206,0.20438579385400746,-0.9608553971486651,0.7491446028513353,0.10955049679795742,0.2252335312680817,-0.9829729729729779,1.0570270270270221,1.7426662794074934,1.887888469358118,0.06962405490612969,0.19734507474012153,-0.9608553971486651,0.35914460285133476,-0.005727602602607656,0.18717599687679795,-0.6629729729729781,0.3070270270270221,0.10444955086693128,0.20889910173386256,-0.3425220638153315,0.09330627313348562,-0.4808553971486651,-0.20085539714866485,-0.39852852852853343,0.2034767253957509,-0.6429729729729781,0.007027027027022292,2.340265818872257,2.825981366185367,0.18570030635777093,0.19735964981779758,-0.670855397148665,0.7491446028513353,0.13402072639695967,0.22276729328411818,-0.9829729729729779,1.0570270270270221,1
10,frontiers,unicorn,5,17470,6380,10080,7390,0.31347962382445144,1.5455065827132228,-0.2764185515637209,0.16365534374900853,-0.7882520325203197,1.0717479674796802,-0.2249827944655524,0.15931684840389182,-0.8192931392931384,0.7207068607068616,0.31347962382445144,0.9404388714733543,-0.24679609382300166,0.2651432612997607,-0.7882520325203197,1.0717479674796802,-0.23952751429313843,0.19298873214593154,-0.8192931392931384,0.3107068607068615,0.49603174603174605,0.5952380952380952,-0.26394598269825564,0.11708802671060443,-0.6982520325203199,0.03174796747968012,-0.1967483364257549,0.11253285994862298,-0.7492931392931386,0.010706860706861665,1.6238159675236807,2.029769959404601,-0.29556038005013224,0.11393180396224141,-0.6882520325203196,-0.03825203252031972,-0.2323090123090116,0.16072133587093942,-0.7492931392931386,0.7207068607068616,0
10,frontiers,pepper,3,18974,6934,10534,8440,0.8653014133256417,1.3702961947928745,-0.2674397458308992,0.13727772242056546,-0.9582520325203197,0.7817479674796801,-0.20725675020986353,0.19578645205774864,-0.9492931392931387,0.5707068607068613,0.8653014133256417,1.1537352177675224,-0.3517135709818583,0.15498425928098766,-0.9582520325203197,0.7817479674796801,-0.37706516001852697,0.19179862232772985,-0.9492931392931387,0.5707068607068613,0.284792101765711,0.284792101765711,-0.3018821695066212,0.07921765342658262,-0.4982520325203197,-0.15825203252031983,-0.2466561529917685,0.11846192887568677,-0.48929313929313833,0.020706860706861452,1.1848341232227488,1.7772511848341233,-0.21261984861227337,0.11833273814475724,-0.7382520325203199,0.051747967479680135,-0.10465931772190039,0.1505690286919684,-0.9192931392931385,0.33070686070686106,0
10,frontiers,minion,2,19461,6471,10481,8980,1.5453562046051614,2.415086583423257,-0.1621910493218136,0.23659867448255809,-0.9582520325203197,1.0617479674796804,-0.14873508926106643,0.29658173944949057,-1.0292931392931384,0.9407068607068614,1.5453562046051614,2.472569927368258,-0.41276422764227105,0.1015619655425501,-0.79825203252032,0.0017479674796803124,-0.4613628114242858,0.13669169457507663,-0.9392931392931385,0.1707068607068618,0.38164297299875966,0.5724644594981395,-0.003840267814437472,0.1570865831525053,-0.45825203252031965,0.24174796747968008,0.0033155563590354627,0.24841127699841545,-0.5192931392931386,0.33070686070686106,1.6703786191536747,2.89532293986637,-0.07574191106283003,0.2007631762499244,-0.9582520325203197,1.0617479674796804,-0.011313053944632064,0.2258801453396958,-1.0292931392931384,0.9407068607068614,0
10,frontiers,pig,1,22635,7825,11945,10690,1.7891373801916932,1.4579191517561298,0.02909048716471963,0.2692942154938053,-0.56825203252032,0.66174796747968,0.04766120089752888,0.2821758303245617,-0.7992931392931384,0.7307068607068614,1.7891373801916932,1.5335463258785942,-0.22921294457243707,0.19965603808312266,-0.5582520325203197,0.44174796747968026,-0.20921049466503944,0.2260541745849852,-0.6292931392931385,0.4307068607068616,0.7534533277521975,1.088321473419841,-0.038104973696790334,0.1661324120109214,-0.56825203252032,0.5317479674796801,-0.05754630385010054,0.14772981480251213,-0.3192931392931384,0.5507068607068617,0.5612722170252573,0.7483629560336764,0.21326281896482874,0.18504702286496552,-0.2682520325203197,0.66174796747968,0.24601401075721396,0.18993242463215126,-0.7992931392931384,0.7307068607068614,1
10,frontiers,hedge,4,19215,7155,10725,8490,1.5373864430468203,1.3531095498308614,-0.24741423091174083,0.1786409171935916,-0.6782520325203198,0.32174796747968015,-0.16849179249179183,0.20028003709716205,-0.8392931392931384,1.0307068607068612,1.5373864430468203,1.816911250873515,-0.24743778315645226,0.13914956202864665,-0.6782520325203198,0.04174796747968035,-0.18977415195136632,0.18860702712034602,-0.8392931392931384,0.23070686070686142,0.5594405594405595,0.46620046620046623,-0.10987596414425144,0.2582655021427941,-0.47825203252031967,0.32174796747968015,-0.0870517599827937,0.28457993576324775,-0.5292931392931384,0.5307068607068612,0.5889281507656066,0.9422850412249705,-0.3118301366591716,0.09603649791456906,-0.5382520325203197,0.0017479674796803124,-0.19556501008721644,0.13935630361031173,-0.7692931392931386,1.0307068607068612,0
10,frontiers,aliens,0,30003,12410,16420,13583,1.53102336825141,1.9998000199980002,-0.14866752263730254,0.25966986556393634,-1.1782520325203198,1.08174796747968,-0.1849274061794644,0.2569485311963666,-1.2092931392931385,0.7707068607068615,1.53102336825141,2.0145044319097503,-0.23588839615668314,0.263671420308826,-0.6382520325203198,1.0317479674796801,-0.33201854912920337,0.23510597808895758,-1.1392931392931387,0.7707068607068615,0.48721071863580995,0.5481120584652862,0.19733172382485792,0.1775742380396731,-0.2582520325203199,0.5917479674796806,0.14834645461549112,0.17328956794073486,-0.3192931392931384,0.46070686070686184,0.9570787013178237,1.987778841198557,-0.194100572666305,0.162762708915132,-1.1782520325203198,1.08174796747968,-0.17323081634696286,0.16708633960753852,-1.2092931392931385,0.6407068607068616,0
11,frontiers,unicorn,4,6316,1358,3696,2620,2.2091310751104563,2.8499050031665614,0.3494147659063648,0.2899781609994441,-1.2694117647058802,0.8705882352941199,-0.20973710364163392,0.3321271385985701,-1.4619638242894073,0.4680361757105924,2.2091310751104563,3.681885125184094,0.23329093799682257,0.2540302765053436,-0.4394117647058797,0.6805882352941195,-0.22310018792577083,0.3788428888878449,-1.4619638242894073,0.358036175710593,0.8116883116883117,3.517316017316017,0.3676511723570569,0.2932571629417856,-1.2694117647058802,0.8705882352941199,-0.20212425209689378,0.3294529123203726,-1.371963824289407,0.4680361757105924,0.7633587786259541,0.38167938931297707,0.4549632352941199,0.27534145468248455,-0.06941176470588051,0.8605882352941201,-0.2619638242894072,0.2181436835360278,-0.5219638242894069,0.1580361757105928,0
11,frontiers,pepper,0,13497,1949,7618,5879,1.539250897896357,2.88953100689042,0.5060511982570831,0.306024229843856,-0.5894117647058801,1.5205882352941202,0.16539964087066789,0.20884498511160338,-1.3219638242894072,0.6880361757105931,1.539250897896357,1.539250897896357,0.5287277701778407,0.08971531201139704,0.3505882352941203,0.7205882352941195,0.20826873385012779,0.13637288468252565,0.018036175710593128,0.5380361757105927,1.4439485429246521,2.2315568390653713,0.6002656546489582,0.2980773355181314,-0.1994117647058804,1.5205882352941202,0.2206689190734245,0.2197214878642151,-1.3219638242894072,0.6880361757105931,1.8710665079095086,3.231842150025515,0.3334251147267439,0.28852166603749135,-0.5894117647058801,0.7205882352941195,0.11808908576350294,0.1925911211654469,-1.2419638242894075,0.45803617571059263,0
11,frontiers,minion,2,12944,1185,4387,8557,2.531645569620253,4.017305315203955,0.14007052412245788,0.43166535318979876,-1.35941176470588,1.0905882352941196,-0.0804244154224121,0.24980923853681444,-1.0319638242894076,0.6580361757105928,2.531645569620253,5.063291139240506,0.22919288645691058,0.12944168378718332,-0.15941176470588037,0.4105882352941199,-0.0836561319817149,0.09927186835228724,-0.3819638242894072,0.11803617571059277,2.0515158422612267,4.1030316845224535,0.20725490196078655,0.22575697120058572,-0.6594117647058799,0.6505882352941201,0.03959173126614836,0.2883275260176632,-1.0319638242894076,0.6580361757105928,1.6360874138132522,3.389038214327451,0.06262213359920457,0.5739964948648234,-1.35941176470588,1.0905882352941196,-0.11815430047988341,0.236651297157314,-0.891963824289407,0.608036175710593,0
11,frontiers,pig,5,7371,1135,4020,3351,0.8810572687224669,4.341337674671008,0.7251455269607862,0.19561061083031295,0.0005882352941197766,1.1905882352941202,0.27326998866023305,0.23894916193567087,-1.391963824289407,0.6980361757105928,0.8810572687224669,0.0,0.8905882352941199,0.18384776310850284,0.7605882352941196,1.0205882352941202,0.4153089029833202,0.05368256869616223,0.31803617571059295,0.4880361757105929,2.238805970149254,3.9800995024875627,0.8067687908496752,0.13599669127905295,0.0005882352941197766,1.0005882352941198,0.23590094439386683,0.25854758377472786,-1.391963824289407,0.6980361757105928,2.984183825723665,4.7746941211578635,0.6743697478991618,0.20896163456497274,0.030588235294120025,1.1905882352941202,0.30712708480150197,0.2138349974928861,-0.7419638242894075,0.6180361757105928,1
11,frontiers,hedge,1,10604,1748,5172,5432,1.1441647597254005,4.526593738211996,0.3127144811412963,0.30085788008436726,-1.1894117647058802,1.53058823529412,-0.07233738750779783,0.26257524546367045,-1.2919638242894074,0.6180361757105928,1.1441647597254005,4.004576659038902,0.16340073529411986,0.19659376170890352,-0.42941176470587994,0.46058823529411974,-0.008678110003692893,0.1779164551421593,-0.36196382428940677,0.3680361757105928,1.5467904098994587,2.51353441608662,0.4529840686274534,0.40288367079466314,-0.8594117647058801,1.53058823529412,0.02213373668620274,0.34025911441870665,-1.2919638242894074,0.6180361757105928,1.840942562592047,5.154639175257731,0.28498539841468723,0.20486360896364417,-1.1894117647058802,0.7105882352941197,-0.12892344424190103,0.2107441933535444,-1.2819638242894076,0.5080361757105925,0
11,frontiers,aliens,3,6579,804,3892,2687,0.0,3.9519683842529263,0.4911437908496751,0.3074183738605924,-0.9394117647058802,1.0805882352941198,0.08948195884312285,0.2932226921201769,-1.181963824289407,0.7780361757105929,0.0,0.0,,,,,,,,,1.5416238437821173,2.5693730729701953,0.49856576338400765,0.38765608782787503,-0.9394117647058802,1.0805882352941198,0.07036290838386014,0.353174702274363,-1.181963824289407,0.7780361757105929,3.721622627465575,5.95459620394492,0.48453823529411977,0.21279640280142445,-0.25941176470588,1.0405882352941198,0.1076136404993251,0.22127910715508972,-0.30196382428940716,0.4780361757105931,0
12,frontiers,unicorn,3,12460,3120,5790,6670,3.5256410256410255,2.889245585874799,0.2340838044562776,0.20735155244239692,-0.5459677419354749,0.6840322580645255,0.31781877708685874,0.15841242304564573,-0.363551912568314,0.6964480874316856,3.5256410256410255,3.846153846153846,0.038678722710989946,0.1974327449530315,-0.39596774193547457,0.4140322580645255,0.16749338359893343,0.145478309381584,-0.19355191256831406,0.636448087431686,1.0362694300518134,1.381692573402418,0.16541437188566344,0.15137910352786904,-0.2959677419354749,0.6840322580645255,0.26413101426095426,0.10150659510679204,-0.363551912568314,0.4964480874316859,1.7991004497751124,2.39880059970015,0.3547407926861032,0.13505965375419857,-0.5459677419354749,0.6340322580645252,0.40769210657044186,0.11478713223594228,-0.3535519125683142,0.6964480874316856,1
12,frontiers,pepper,1,12033,3423,8073,3960,2.3371311714869996,3.4072966010138788,0.19770252303017782,0.1436305605585176,-0.4359677419354746,0.6140322580645252,0.21036500137827346,0.15601691016742264,-0.593551912568314,0.8664480874316864,2.3371311714869996,4.674262342973999,0.14495098597971967,0.15061765423943113,-0.4359677419354746,0.5640322580645254,0.1456953992596429,0.12900479517444124,-0.573551912568314,0.5164480874316859,0.8670878236095627,1.4864362690449646,0.14969970537131683,0.09831783251961876,-0.39596774193547457,0.3640322580645252,0.14738926390227425,0.10223474109297916,-0.593551912568314,0.3564480874316862,2.525252525252525,3.282828282828283,0.31222580645162173,0.12273037761414235,-0.4359677419354746,0.6140322580645252,0.35638315236675067,0.14136144332509287,-0.5835519125683142,0.8664480874316864,0
12,frontiers,minion,5,13685,2975,4955,8730,2.3529411764705883,3.1421264157837046,0.2191715769499745,0.1434838308048266,-0.3059677419354747,0.6040322580645254,0.2873912922998402,0.1400827268977125,-0.4635519125683141,0.7964480874316862,2.3529411764705883,2.6890756302521006,0.16786000926069747,0.14615155791169226,-0.09596774193547475,0.4340322580645255,0.19041937929771485,0.11422825975093419,-0.043551912568314144,0.4964480874316859,1.0090817356205852,1.4127144298688195,0.18637143935107497,0.12767293525635268,-0.10596774193547454,0.42403225806452527,0.2629052302888289,0.12028709499225126,-0.2535519125683141,0.4864480874316861,2.0618556701030926,3.2073310423825885,0.24690152801359158,0.14001731509655174,-0.3059677419354747,0.6040322580645254,0.32817566218251687,0.13544530195149146,-0.4635519125683141,0.7964480874316862,0
12,frontiers,pig,0,29324,2210,5540,23784,2.262443438914027,1.670986222889101,0.1440277043304634,0.12279564288246175,-0.3859677419354748,0.5240322580645254,0.1385117237953221,0.12147575038373319,-0.47355191256831386,0.5664480874316862,2.262443438914027,2.262443438914027,0.22833393404217878,0.10685987121378637,-0.02596774193547491,0.5240322580645254,0.23400364298724144,0.11223290937428738,-0.2835519125683139,0.4764480874316859,1.0830324909747293,0.9025270758122743,0.006915140947408183,0.12160612441517248,-0.20596774193547462,0.28403225806452514,0.05716880815240672,0.10393793078034934,-0.11355191256831398,0.32644808743168596,1.4295324587958291,1.639757820383451,0.16217952647307646,0.10361332739873429,-0.3859677419354748,0.4540322580645251,0.14437932631728162,0.11604668351261364,-0.47355191256831386,0.5664480874316862,0
12,frontiers,hedge,2,8545,3255,5855,2690,2.457757296466974,2.8086600351082502,0.28270851705733063,0.13419619899461166,-0.11596774193547477,0.7040322580645251,0.36627763288623144,0.12837744151515867,-0.09355191256831397,0.9664480874316861,2.457757296466974,2.457757296466974,0.23937576951490705,0.13761124491789312,-0.11596774193547477,0.4940322580645251,0.30378649047351103,0.10074032982836896,0.01644808743168591,0.8664480874316864,1.0247651579846284,1.5371477369769426,0.31668065989100924,0.1441148867476794,-0.005967741935474891,0.7040322580645251,0.41552703480010694,0.14198880918469894,-0.023551912568314126,0.7664480874316859,2.6022304832713754,2.6022304832713754,0.3009948748869553,0.10189577895892406,-0.015967741935474677,0.4640322580645253,0.3907203879011699,0.11166011869273341,-0.09355191256831397,0.9664480874316861,0
12,frontiers,aliens,4,19210,4180,7590,11620,1.9138755980861246,2.4986985944820406,0.16641362889053588,0.1597712923587069,-0.3859677419354748,0.6840322580645255,0.2565850737330559,0.15936511269716538,-0.4635519125683141,0.6664480874316863,1.9138755980861246,2.1531100478468903,0.10133694556452522,0.20626311232829042,-0.35596774193547454,0.4140322580645255,0.1596902749316859,0.14932014539598618,-0.383551912568314,0.4164480874316858,0.922266139657444,1.1857707509881423,0.19052479537795805,0.09151866809982756,-0.3859677419354748,0.4540322580645251,0.2169026328862314,0.08520486282168294,-0.2635519125683139,0.3964480874316858,1.2908777969018934,2.581755593803787,0.18299160765802108,0.1538323359884632,-0.2659677419354747,0.6840322580645255,0.3109319086951682,0.16342992268804366,-0.4635519125683141,0.6664480874316863,0
13,frontiers,unicorn,1,26966,17229,21699,5267,1.6832085437344013,1.6687680783208485,-0.11649410128484264,0.27538414762898566,-1.5071457085828448,0.39285429141715555,-0.09948437038965775,0.2640600937598819,-1.1808582834331358,0.369141716566864,1.6832085437344013,2.2636252829531607,-0.08558297930918289,0.29507928622501745,-1.5071457085828448,0.39285429141715555,-0.11036744094229303,0.29844903475417245,-1.1808582834331358,0.369141716566864,0.09217014608968155,0.046085073044840774,0.05037106994064506,0.06218271255157239,-0.09714570858284466,0.19285429141715538,0.10039451298744567,0.06636795167080763,-0.04085828343313569,0.23914171656686412,0.9493070058857034,0.9493070058857034,-0.3537310744365038,0.16110782094207896,-1.0871457085828449,-0.05714570858284462,-0.2521287752364142,0.12372563784489952,-0.670858283433136,-0.05085828343313592,0
13,frontiers,pepper,0,35183,20343,24644,10539,1.3763948286880008,1.676946252451468,-0.19195960436448226,0.1934641529418448,-1.3271457085828446,0.34285429141715484,-0.14178586102856952,0.15980893782558142,-1.0608582834331357,1.2791417165668637,1.3763948286880008,2.0154352848645725,-0.25130317730984975,0.22509008228075736,-1.3271457085828446,0.34285429141715484,-0.18919285042055276,0.17216949610608548,-1.0108582834331359,0.13914171656686403,0.12173348482389224,0.08115565654926149,-0.12242477835028667,0.08957444731722475,-0.29714570858284484,0.06285429141715504,-0.10532339971220557,0.08068799410905621,-0.3008582834331359,0.059141716566863956,1.328399278868963,1.5181706044216718,-0.1427852434665658,0.15238669577890904,-0.8471457085828447,0.28285429141715523,-0.09445906621200079,0.14960852971649416,-1.0608582834331357,1.2791417165668637,0
13,frontiers,minion,2,48227,20197,24557,23670,2.178541367529831,2.0527920044788193,-0.20142386268953405,0.19932590108519715,-1.4471457085828447,0.5928542914171548,-0.161177160984155,0.23427854959758312,-1.570858283433136,0.9391417165668638,2.178541367529831,3.1687874436797547,-0.3295837460132968,0.21771848891348133,-1.4471457085828447,0.5928542914171548,-0.3031025582422956,0.2615430892796535,-1.570858283433136,0.329141716566864,0.20360793256505275,0.1628863460520422,-0.20173096203906576,0.07586567906568341,-0.46714570858284477,-0.03714570858284505,-0.15569699311055532,0.09138198272087715,-0.37085828343313576,0.009141716566864133,1.3096746937051118,1.3096746937051118,-0.09182361606230882,0.11623227446265194,-0.8771457085828449,0.34285429141715484,-0.04121837020103171,0.14344048975337012,-0.7208582834331358,0.9391417165668638,0
13,frontiers,pig,4,26752,14300,18704,8048,2.657342657342657,2.7661483253588517,-0.24489192070405663,0.3376147805394433,-1.5771457085828446,0.7628542914171548,-0.16499161676646903,0.33968693741025013,-1.320858283433136,0.7691417165668639,2.657342657342657,3.916083916083916,-0.4841214575129425,0.24238285495573048,-1.5771457085828446,0.5928542914171548,-0.4177310368479476,0.2381319634112491,-1.320858283433136,0.49914171656686435,0.10692899914456801,0.0,0.15255816385451273,0.18251578716614783,-0.1371457085828447,0.7628542914171548,0.22836722909533833,0.18309575727997104,-0.010858283433135885,0.7691417165668639,2.1123260437375744,2.2365805168986084,-0.04349114037258203,0.1657001877082492,-1.0571457085828446,0.6128542914171553,0.060009641095165996,0.12417232851509531,-0.630858283433136,0.6591417165668645,0
13,frontiers,hedge,5,18007,10896,13919,4088,2.1108663729809103,3.2765035819403563,-0.41410643709735684,0.2874476978178632,-1.5271457085828448,0.1128542914171553,-0.37482517841030394,0.2715929384267197,-1.530858283433136,0.5091417165668641,2.1108663729809103,3.6710719530102787,-0.4423882458962774,0.32380720846554306,-1.5271457085828448,0.1128542914171553,-0.416114574206668,0.31257947425241317,-1.530858283433136,0.5091417165668641,0.43106545010417413,0.43106545010417413,-0.19646077707599574,0.1510087844068568,-0.4871457085828448,0.07285429141715527,-0.18706988752869885,0.1300012497377505,-0.5108582834331359,0.03914171656686394,1.467710371819961,3.1800391389432483,-0.49867242614009666,0.14863566579591864,-1.417145708582845,-0.21714570858284477,-0.4025681279927212,0.1351062256689944,-1.280858283433136,0.349141716566864,0
13,frontiers,aliens,3,25414,10694,14703,10711,1.8702075930428277,2.4396002203509877,-0.07227739254134513,0.2867419062086418,-1.3171457085828449,0.5128542914171548,-0.04725634950888142,0.29625514259943786,-1.440858283433136,0.6291417165668642,1.8702075930428277,2.9923321488685244,-0.1435264814386411,0.18317972968049,-1.3071457085828446,0.19285429141715538,-0.13424216968905997,0.19830692177524145,-1.2608582834331359,0.1891417165668643,0.20403999183840033,0.20403999183840033,-0.04995272612670444,0.11116396668128921,-0.32714570858284464,0.2628542914171548,0.01569950551158775,0.10328098879749414,-0.5208582834331357,0.6291417165668642,1.5871533937074036,2.5207730370647,-0.008522381622997713,0.38592512052405237,-1.3171457085828449,0.5128542914171548,0.017577090716523257,0.3922656689184556,-1.440858283433136,0.5491417165668642,1
14,frontiers,unicorn,3,7624,535,3235,4389,3.7383177570093458,1.5739769150052467,0.2848271460482937,0.17770699933109357,-0.12903361344537778,1.1809663865546227,0.3021416729531028,0.21974857874251266,-0.6998121085595024,1.4701878914404976,3.7383177570093458,1.8691588785046729,0.3796456318376414,0.18548312939921827,0.05096638655462282,0.7709663865546226,0.3972249284775347,0.08742931656388946,0.2701878914404974,0.5701878914404981,1.545595054095827,1.2364760432766615,0.2631435083258404,0.12011129866603178,-0.019033613445377462,0.5109663865546228,0.3850587401489846,0.09804704992454728,0.16018789144049794,0.6401878914404975,1.5948963317384368,1.5948963317384368,0.291429962713563,0.2403312651275162,-0.12903361344537778,1.1809663865546227,0.12058262828260306,0.2885792592101654,-0.6998121085595024,1.4701878914404976,0
14,frontiers,pepper,4,10155,0,2930,7225,inf,1.083210241260463,0.3365121832923889,0.19284985039405356,-0.21903361344537764,0.8609663865546224,0.31436811672210024,0.19353083221283307,-0.10981210855950252,0.9301878914404975,inf,,0.5509663865546228,,0.5509663865546228,0.5509663865546228,0.450187891440498,,0.450187891440498,0.450187891440498,1.023890784982935,0.68259385665529,0.4471228491396568,0.11738558153927729,0.1909663865546225,0.8109663865546226,0.3738953744336955,0.07836770865294806,0.2501878914404978,0.6801878914404975,0.8304498269896194,1.245674740484429,0.2724147992530353,0.19912853206850537,-0.21903361344537764,0.8609663865546224,0.2800495515195491,0.22894372310443856,-0.10981210855950252,0.9301878914404975,0
14,frontiers,minion,5,12032,1725,4125,7907,3.4782608695652173,1.7453457446808511,0.3657393538196705,0.17643709594210685,-0.14903361344537736,1.1509663865546225,0.3834931545983923,0.26482517340622225,-0.1898121085595026,1.1101878914404981,3.4782608695652173,2.318840579710145,0.3096646114066936,0.12022086840150117,0.10096638655462264,0.7709663865546226,0.089004459487835,0.13380786050673438,-0.14981210855950255,0.33018789144049787,0.9696969696969697,0.9696969696969697,0.21613305322128928,0.1404772697605784,-0.09903361344537753,0.5809663865546222,0.24352122477383095,0.055956249097935284,0.1301878914404977,0.35018789144049745,1.7705830276969774,1.6441128114329076,0.44976044963439993,0.15306846720477704,-0.14903361344537736,1.1509663865546225,0.5369222087836716,0.2383062528187788,-0.1898121085595026,1.1101878914404981,1
14,frontiers,pig,2,10066,227,4262,5804,4.405286343612334,2.4836081859725807,0.2072057933342836,0.19528631370458688,-0.4190336134453778,0.7609663865546228,0.1751043841336084,0.20802133792421892,-0.7698121085595022,0.6301878914404977,4.405286343612334,4.405286343612334,0.186618560467666,0.03641004943150644,0.1309663865546229,0.250966386554623,-0.03024689116819786,0.02531227888694714,-0.06981210855950248,0.040187891440497836,1.4077897700610045,1.1731581417175037,0.2999413865546225,0.1262856664426813,0.0009663865546229999,0.7609663865546228,0.28521289144049766,0.11646419684980308,-0.06981210855950248,0.5901878914404977,2.7567195037904892,3.4458993797381114,0.13702002640136582,0.21260504007981637,-0.4190336134453778,0.6809663865546227,0.10134460785840824,0.22588013873800605,-0.7698121085595022,0.6301878914404977,0
14,frontiers,hedge,1,11365,1115,4485,6880,3.587443946188341,2.9916410030796303,0.21153701330859837,0.1802748419761146,-0.39903361344537736,0.6309663865546229,0.11053207748700936,0.24144230769141192,-0.8898121085595023,1.0801878914404979,3.587443946188341,2.690582959641256,0.18851184110007696,0.16643144090115214,-0.249033613445377,0.4909663865546223,-0.04263029037768403,0.10967953166561505,-0.22981210855950263,0.21018789144049776,0.8918617614269787,0.8918617614269787,0.27627694556083376,0.13758960766490044,-0.3790336134453778,0.6309663865546229,0.18413850872444823,0.15435417446926522,-0.009812108559501986,0.6201878914404979,2.761627906976744,3.9244186046511627,0.182787422661373,0.19295161676475345,-0.39903361344537736,0.6009663865546226,0.09961066835157427,0.27723265958920096,-0.8898121085595023,1.0801878914404979,0
14,frontiers,aliens,0,13916,2975,6435,7481,2.6890756302521006,2.946248922104053,0.3531650218844179,0.1779912871423527,-0.3790336134453778,0.9409663865546225,0.2918432202386842,0.16274097651998323,-0.6298121085595021,0.740187891440498,2.6890756302521006,1.680672268907563,0.3257121492664872,0.10720245853681752,-0.019033613445377462,0.5609663865546226,0.24839128127100604,0.10104130960638509,0.05018789144049762,0.5601878914404974,0.9324009324009325,2.0202020202020203,0.2656005328960861,0.236172046974992,-0.3790336134453778,0.7009663865546223,0.2983449911383828,0.1715824373898847,-0.5598121085595023,0.6501878914404982,2.4060954417858573,3.0744552867263737,0.4060669612672669,0.1491095534663056,-0.21903361344537764,0.9409663865546225,0.3071462845538405,0.1760092073798178,-0.6298121085595021,0.740187891440498,0
15,frontiers,unicorn,0,10983,4775,7619,3364,1.8848167539267013,3.459892561230993,-0.09772871266773586,0.2097863780675699,-1.0230241935483848,0.31697580645161505,0.07642396714317147,0.16996492729247248,-0.8458266129032324,0.5141733870967675,1.8848167539267013,2.3036649214659684,-0.04139423760124831,0.18084053097606917,-0.723024193548385,0.31697580645161505,0.11065810325397299,0.1593438432402847,-0.8458266129032324,0.4141733870967679,0.525003281270508,2.493765586034913,-0.2665329654782093,0.27690829589300003,-1.0230241935483848,0.1669758064516147,0.1749921005470603,0.14822251516111842,-0.195826612903232,0.5141733870967675,1.7835909631391202,2.3781212841854935,-0.08390654648956138,0.12542105802843462,-0.5930241935483851,0.17697580645161537,-0.06320858715215921,0.109727385626517,-0.6158266129032324,0.30417338709676756,0
15,frontiers,pepper,5,9055,3955,6830,2225,1.7699115044247786,1.9878520154610713,0.41615352528450594,0.20132723682869852,-0.3430241935483851,0.776975806451615,0.4245590253946403,0.18577862979222012,-0.37582661290323216,0.864173387096768,1.7699115044247786,2.5284450063211126,0.5406550517346341,0.12997203391279455,0.06697580645161505,0.7569758064516154,0.5511639827080531,0.17475509342670073,-0.37582661290323216,0.864173387096768,0.5856515373352855,0.5856515373352855,0.4855673557473895,0.14818998299589695,-0.3430241935483851,0.776975806451615,0.39131624423962524,0.09842991615211068,0.0841733870967678,0.6541733870967681,2.696629213483146,2.2471910112359548,0.1723121293215703,0.07639836844941861,-0.05302419354838506,0.3569758064516151,0.2747563467380231,0.13141338762491778,0.03417338709676798,0.5641733870967682,0
15,frontiers,minion,2,9909,4537,7416,2493,0.0,0.3027550711474417,-0.1259472704714618,0.2053710291530542,-0.6530241935483847,0.25697580645161544,0.13264796336795429,0.1816192831107485,-0.3958266129032322,0.37417338709676784,0.0,0.0,-0.17102419354838486,0.09038805230781344,-0.25302419354838523,-0.023024193548384808,,,,,0.0,0.0,,,,,,,,,0.8022462896109106,1.203369434416366,-0.12219086021505159,0.2121583328368,-0.6530241935483847,0.25697580645161544,0.13264796336795429,0.1816192831107485,-0.3958266129032322,0.37417338709676784,0
15,frontiers,pig,4,18597,5296,7934,10663,1.8882175226586102,3.4951873958165294,0.10929193548387306,0.2521926890669797,-1.1130241935483847,0.8869758064516153,0.2275846315692882,0.24266871081997676,-0.8458266129032324,1.0041733870967677,1.8882175226586102,3.5876132930513593,0.05585580645161511,0.3308994774415984,-1.0030241935483848,0.8269758064516148,0.23051549235992547,0.2645133707176865,-0.8458266129032324,0.8941733870967674,0.8822788001008318,1.008318628686665,0.01668655025326798,0.17273585418139567,-0.8230241935483851,0.4069758064516149,0.14272710610503214,0.2247561500333478,-0.695826612903232,0.6041733870967674,1.969426990527994,3.563725030479227,0.15478931127476625,0.2204631769537289,-1.1130241935483847,0.8869758064516153,0.24779461498438515,0.23347644002962564,-0.7958266129032321,1.0041733870967677,1
15,frontiers,hedge,3,10983,3946,6826,4157,1.7739483020780535,2.913593735773468,0.16036027433272743,0.18730985964576957,-0.9830241935483848,0.566975806451615,0.24130014766014862,0.23078651049820054,-0.7458266129032323,1.2141733870967677,1.7739483020780535,2.787633046122656,0.1695154889912977,0.1904675380123965,-0.8530241935483849,0.566975806451615,0.2574285954301012,0.19721316209724726,-0.6158266129032324,0.7541733870967677,0.8789920890711984,0.8789920890711984,0.20009408602150766,0.14331616074554326,-0.41302419354838493,0.49697580645161477,0.4058635279418384,0.17510813148349458,-0.6658266129032322,0.6041733870967674,1.9244647582391148,3.8489295164782296,0.1226752883168999,0.20482150062094057,-0.9830241935483848,0.5569758064516153,0.1079769135451305,0.21467591662655575,-0.7458266129032323,1.2141733870967677,0
15,frontiers,aliens,1,13898,4677,8071,5827,0.8552490912978405,0.935386386530436,0.1735715511324662,0.2101532301484894,-0.933024193548385,0.5169758064516152,0.25925275217613303,0.18085743039781327,-0.5758266129032323,0.7941733870967678,0.8552490912978405,1.496685909771221,0.23871493688639792,0.1837816816816607,-0.2830241935483846,0.42697580645161537,0.4085833249849665,0.10261484249669296,-0.09582661290323191,0.7941733870967678,0.6195019204559534,0.7434023045471441,0.12478975993998724,0.21576502187380467,-0.933024193548385,0.5169758064516152,0.14845910138248203,0.14260659245504825,-0.5758266129032323,0.574173387096768,0.0,0.0,,,,,,,,,0
16,frontiers,unicorn,2,15614,5821,10382,5232,0.8589589417625838,1.7932624567695656,0.23125856092875693,0.15806857804277363,-0.5114657980456014,0.9785342019543983,-0.0227681689218678,0.15981533322976188,-0.8600862068965514,0.9299137931034482,0.8589589417625838,0.8589589417625838,0.3404150796973451,0.11429674873571066,-0.04146579804560169,0.5485342019543986,0.05097119491613754,0.15034838239564327,-0.8600862068965514,0.35991379310344884,0.5779233288383742,0.8668849932575612,0.12742061620829592,0.10821443665991441,-0.12146579804560176,0.6685342019543987,-0.10231337838875611,0.10526086672469226,-0.8600862068965514,0.27991379310344877,1.337920489296636,2.86697247706422,0.25584670195439846,0.16362435417672255,-0.5114657980456014,0.9785342019543983,0.0005956112852668634,0.1758144313920625,-0.8600862068965514,0.9299137931034482,1
16,frontiers,pepper,0,36288,19091,25803,10485,0.8904719501335707,1.791225749559083,0.26001776249970704,0.2088481108939696,-0.5814657980456017,0.7885342019543979,0.08845622238797479,0.20154811606488288,-1.0400862068965515,0.5299137931034488,0.8904719501335707,1.1523754648787385,0.2892331266855815,0.21194939608420021,-0.47146579804560185,0.7885342019543979,0.11058045977011566,0.20252751479006206,-0.9300862068965512,0.47991379310344895,0.34879665155214507,0.4650622020695268,0.2449342019543981,0.24961815245836577,-0.5814657980456017,0.6985342019543981,0.02847599019553268,0.2719961579879637,-1.0400862068965515,0.5099137931034483,2.2889842632331905,2.956604673342871,0.2412209239460996,0.17176422957295537,-0.5514657980456015,0.6885342019543983,0.09501319668197745,0.12928406018743901,-0.8300862068965515,0.5299137931034488,0
16,frontiers,minion,5,12584,4353,6760,5824,2.067539627842867,1.9866497139224413,0.11380803562579805,0.11279367113733954,-0.23146579804560163,0.9485342019543981,-0.17214340246850668,0.12094698843280267,-0.9100862068965512,0.6399137931034491,2.067539627842867,1.3783597518952448,0.13481798573818202,0.11915681395713003,-0.20146579804560183,0.37853420195439824,-0.15704753286340226,0.10064415053828064,-0.5300862068965513,0.27991379310344877,0.8875739644970414,1.9230769230769231,0.10945163314705886,0.11389251367720277,-0.15146579804560156,0.37853420195439824,-0.19533284366785178,0.12490647735599858,-0.9100862068965512,0.17991379310344868,1.2019230769230769,1.0302197802197803,0.10264437144592377,0.10642448227333526,-0.23146579804560163,0.9485342019543981,-0.1727314974777138,0.13079543653253617,-0.7300862068965515,0.6399137931034491,0
16,frontiers,pig,1,18052,7096,11309,6743,1.8320180383314544,1.6064701972080657,0.08729481315983133,0.17568216476964235,-0.6614657980456018,0.6785342019543985,-0.14691027391863815,0.15621537752870063,-0.9100862068965512,0.7799137931034488,1.8320180383314544,0.14092446448703494,0.06824180429357969,0.15578048998353913,-0.24146579804560142,0.47853420195439833,-0.16370746935502306,0.12621083978697803,-0.4400862068965514,0.17991379310344868,0.5305508886727386,0.884251481121231,0.22751175806412388,0.14471075286588927,-0.2914657980456017,0.578534201954398,-0.015409589981128426,0.1210635327136737,-0.5200862068965515,0.21991379310344872,1.631321370309951,2.6694349695981017,-0.00011266273207029006,0.13635933586578095,-0.6614657980456018,0.6785342019543985,-0.2252829282080267,0.1317921585673447,-0.9100862068965512,0.7799137931034488,0
16,frontiers,hedge,3,10027,4401,7752,2275,1.5905476028175416,2.4932681759250026,0.1170313117809878,0.11230047245814431,-0.3614657980456015,0.3885342019543985,-0.13253452028066465,0.1283996997349775,-0.9200862068965514,0.6399137931034491,1.5905476028175416,1.5905476028175416,0.1495669475463381,0.10765729125034627,-0.3214657980456015,0.3585342019543982,-0.10832298271519114,0.10924171307905735,-0.8400862068965513,0.0799137931034486,1.0319917440660475,1.2899896800825594,0.11911484711568872,0.10928267855107525,-0.3614657980456015,0.3885342019543985,-0.1095306513409958,0.1293075150040881,-0.46008620689655144,0.6399137931034491,3.076923076923077,3.5164835164835164,0.032873824595907805,0.08349583709691719,-0.15146579804560156,0.29853420195439817,-0.21737263905735532,0.12722632885679724,-0.9200862068965514,0.0799137931034486,0
16,frontiers,aliens,4,12944,6290,9310,3634,1.589825119236884,2.0859085290482073,0.08968112138567824,0.15443817572399796,-0.7414657980456014,0.4385342019543983,-0.14809700797665934,0.17348755406300226,-0.9600862068965514,0.9599137931034485,1.589825119236884,1.4308426073131955,0.1373177439937545,0.13125785730764533,-0.1614657980456018,0.4085342019543985,-0.0966460719893001,0.19167990510641286,-0.9600862068965514,0.9599137931034485,0.6444683136412459,0.8592910848549946,0.032069085675328624,0.14491237262586149,-0.27146579804560167,0.36853420195439845,-0.20003969526864446,0.09769061249928096,-0.6000862068965511,0.01991379310344854,2.2014309301045683,2.75178866263071,0.04016540762815723,0.17326516454088822,-0.7414657980456014,0.4385342019543983,-0.21117173321234084,0.14401757520538563,-0.6500862068965514,0.14991379310344888,0
