subject	source	duration	card_class	show_order	fix_freq	sacc_freq	pd_right_mean	pd_right_std	pd_right_min	pd_right_max	pd_left_mean	pd_left_std	pd_left_min	pd_left_max	sre_fix_freq	sre_sacc_freq	sre_pd_right_mean	sre_pd_right_std	sre_pd_right_min	sre_pd_right_max	sre_pd_left_mean	sre_pd_left_std	sre_pd_left_min	sre_pd_left_max	srl_fix_freq	srl_sacc_freq	srl_pd_right_mean	srl_pd_right_std	srl_pd_right_min	srl_pd_right_max	srl_pd_left_mean	srl_pd_left_std	srl_pd_left_min	srl_pd_left_max	label
4	frontiers	2783	unicorn	1	2.1559468199784404	12.935680919870643	-0.07842273548487683	0.16022654424641727	-0.4951715039577831	0.36482849604221634	-0.19255769447258805	0.23005228005642092	-0.6876899696048633	0.692310030395137	3.0	22.0	-0.09113304241932173	0.13790751953117433	-0.4951715039577831	0.22482849604221666	-0.14657885849375205	0.23346652164515722	-0.6276899696048632	0.692310030395137	4.0	18.0	-0.06745963955100363	0.16679180439062014	-0.4351715039577835	0.36482849604221634	-0.217509789424683	0.2277877081127074	-0.6876899696048633	0.5923100303951365	1
4	frontiers	2383	pepper	4	5.035669324381033	7.133864876206462	-0.47857932518683355	0.13056534867859604	-0.955171503957783	-0.01517150395778355	-0.637804255319149	0.24022017814943808	-1.2576899696048631	0.4723100303951364	8.0	11.0	-0.4888507492408022	0.11626181841981534	-0.955171503957783	-0.22517150395778307	-0.6369352526237309	0.25357894652434243	-1.2576899696048631	0.4223100303951366	8.0	12.0	-0.44093421582219006	0.12552390571283	-0.8051715039577831	-0.01517150395778355	-0.572277125568166	0.2643389102329295	-0.9776899696048633	0.4723100303951364	0
4	frontiers	2368	minion	5	3.3783783783783785	9.712837837837839	-0.4666180448382868	0.1746890056824218	-1.0451715039577834	0.36482849604221634	-0.5482524696048637	0.3074775583670636	-1.0776899696048634	0.46231003039513663	5.0	15.0	-0.4990967376026433	0.19883982844521908	-1.0451715039577834	0.36482849604221634	-0.5909009787791754	0.3058469743671296	-1.0776899696048634	0.33231003039513674	5.0	17.0	-0.39775214911907364	0.12566261961754754	-0.7651715039577831	0.36482849604221634	-0.5159373922852757	0.2679630350334349	-0.8976899696048632	0.46231003039513663	0
4	frontiers	2349	pig	2	2.979991485738612	11.068539804171987	-0.18217715367529735	0.14851371597107013	-0.5151715039577831	0.34482849604221677	-0.17561204752694112	0.26143814255994957	-0.637689969604863	0.4923100303951369	6.0	13.0	-0.2210881706244498	0.10023079110030926	-0.4651715039577833	-0.005171503957782875	-0.2513348294179473	0.21934031679649277	-0.617689969604863	0.37231003039513677	3.0	20.0	-0.11489113012600756	0.1531151862865244	-0.5151715039577831	0.34482849604221677	-0.07164601356090718	0.25921196440527683	-0.637689969604863	0.4923100303951369	0
4	frontiers	2126	hedge	3	2.8222013170272815	8.466603951081844	-0.45099428876791015	0.1381276765132427	-0.955171503957783	0.1448284960422166	-0.5152077001013169	0.26061234492295476	-1.0076899696048631	0.6823100303951364	4.0	14.0	-0.43081252959880917	0.11429230987030894	-0.7751715039577833	0.1448284960422166	-0.5010583906574946	0.21526139738682185	-0.927689969604863	0.2923100303951367	5.0	12.0	-0.48157927094807457	0.15530396740593472	-0.955171503957783	0.1448284960422166	-0.5370233029381967	0.2846970949929694	-1.0076899696048631	0.6823100303951364	0
4	frontiers	3228	aliens	6	2.4783147459727384	8.0545229244114	-0.3697367213490876	0.1456128037626658	-0.9751715039577831	0.21482849604221688	-0.44977734824563975	0.26543294065783485	-0.9776899696048633	0.5323100303951369	5.0	14.0	-0.35281195339598564	0.11946873375595082	-0.9751715039577831	-0.15517150395778323	-0.48622207969660625	0.24583126435315192	-0.9776899696048633	0.39231003039513723	2.0	11.0	-0.3984656216048422	0.1692377043103105	-0.7651715039577831	0.21482849604221688	-0.42114675972832	0.28742460095574257	-0.8776899696048632	0.5123100303951365	0
5	frontiers	2808	unicorn	4	0.7122507122507123	0.3561253561253562	-0.06961694677871584	0.051011927777718104	-0.2071904761904806	0.03280952380951918	-0.08022723404255604	0.07149893191116695	-0.31044000000000294	0.18955999999999706	1.0	0.0	-0.16385714285714728	0.02309401076758506	-0.2071904761904806	-0.12719047619048052	-0.2189015384615413	0.053204973740894085	-0.31044000000000294	-0.1504400000000028	2.0	1.0	-0.06904232804233239	0.05075820917628849	-0.2071904761904806	0.03280952380951918	-0.07858285714285998	0.06902804887396395	-0.2904400000000029	0.18955999999999706	0
5	frontiers	2197	pepper	6	1.3654984069185252	1.8206645425580337	-0.2337876984127029	0.04420491372940789	-0.3371904761904805	-0.0771904761904807	-0.23372767123287963	0.06051627981638746	-0.390440000000003	-0.140440000000003	2.0	3.0	-0.24678507078507525	0.05631222133561418	-0.3371904761904805	-0.0771904761904807	-0.2731323076923106	0.053735114566385175	-0.390440000000003	-0.18044000000000304	3.0	3.0	-0.23310596914822718	0.04403665348848031	-0.3371904761904805	-0.0771904761904807	-0.23278482758620983	0.059640285055762125	-0.390440000000003	-0.140440000000003	0
5	frontiers	2480	minion	5	1.6129032258064517	1.2096774193548387	-0.08583454398709083	0.05820557811312023	-0.31719047619048046	0.03280952380951918	-0.05954569105691336	0.08269049670932521	-0.35044000000000297	0.05955999999999717	1.0	0.0	-0.14869047619048067	0.0752731866708122	-0.31719047619048046	0.03280952380951918	-0.10804000000000283	0.1074430081485064	-0.35044000000000297	0.049559999999997384	4.0	3.0	-0.08583454398709083	0.05820557811312023	-0.31719047619048046	0.03280952380951918	-0.05954569105691336	0.08269049670932521	-0.35044000000000297	0.05955999999999717	0
5	frontiers	2945	pig	1	1.697792869269949	2.376910016977929	0.02947619047618605	0.09782433235141448	-0.24719047619048062	0.16280952380951952	0.05559174603174319	0.12816055027348794	-0.21044000000000285	0.2295599999999971	4.0	6.0	-0.032190476190480606	0.08579163176926202	-0.24719047619048062	0.1528095238095193	-0.051440000000002796	0.09488589638788966	-0.21044000000000285	0.1995599999999973	2.0	2.0	0.07004636591478255	0.08329223547983373	-0.21719047619048082	0.16280952380951952	0.11851999999999718	0.09832323257763718	-0.10044000000000297	0.2295599999999971	1
5	frontiers	2448	hedge	3	0.4084967320261438	0.8169934640522876	-0.16045578231292962	0.07394307521029142	-0.29719047619048045	-0.01719047619048064	-0.14839918367347218	0.08536107884024216	-0.36044000000000276	-0.050440000000002705	0.0	1.0	-0.19344047619048071	0.09956153875869941	-0.26719047619048064	-0.01719047619048064	-0.24044000000000276	0.1080123449734643	-0.36044000000000276	-0.13044000000000278	1.0	2.0	-0.16045578231292962	0.07394307521029142	-0.29719047619048045	-0.01719047619048064	-0.14839918367347218	0.08536107884024216	-0.36044000000000276	-0.050440000000002705	0
5	frontiers	3510	aliens	2	1.1396011396011396	1.9943019943019944	-0.09681209781210226	0.03437908185358043	-0.23719047619048084	0.0028095238095193764	-0.07838736842105545	0.05176766746874493	-0.22044000000000263	0.129559999999997	0.0	0.0	-0.1496904761904807	0.00957427107756341	-0.15719047619048077	-0.13719047619048075	-0.14294000000000295	0.004999999999999893	-0.1504400000000028	-0.140440000000003	3.0	4.0	-0.09332380952381396	0.03268287047325197	-0.16719047619048055	0.0028095238095193764	-0.07834540540540817	0.0483925751652776	-0.140440000000003	0.129559999999997	0
6	frontiers	1859	unicorn	6	0.5379236148466918	1.0758472296933836	-0.003370681605969514	0.1843740514543009	-0.2828151260504139	0.31718487394958617	0.31896769821549464	0.12951100113582892	0.1110729613733894	0.5010729613733895	1.0	2.0	-0.003370681605969514	0.1843740514543009	-0.2828151260504139	0.31718487394958617	0.31896769821549464	0.12951100113582892	0.1110729613733894	0.5010729613733895	0.0	0.0	0.11718487394958599	0.05656854249492385	0.07718487394958595	0.15718487394958602	0.40507296137338944	0.09617114374327095	0.2110729613733895	0.5010729613733895	0
6	frontiers	2940	pepper	1	1.3605442176870748	3.061224489795918	0.1017962729133167	0.09243792553773698	-0.1428151260504138	0.6971848739495861	0.08400113816896952	0.0846872700094734	-0.2589270386266107	0.42107296137338945	2.0	2.0	0.03391956782713708	0.11478944048238277	-0.1428151260504138	0.6971848739495861	0.04244551039299724	0.06425012397943328	-0.09892703862661056	0.19107296137338947	3.0	7.0	0.12111820728291946	0.07143680425548962	-0.1428151260504138	0.2571848739495861	0.09754354960868354	0.08547496416443043	-0.2589270386266107	0.42107296137338945	0
6	frontiers	3409	minion	2	0.2933411557641537	0.0	0.2211503911909655	0.14750610487201116	-0.022815126050413692	0.44718487394958606	0.18558623570967264	0.11121882508982721	-0.05892703862661053	0.3510729613733896	0.0	0.0	0.41051820728291943	0.05507570547286112	0.34718487394958597	0.44718487394958606					1.0	0.0	0.21612292704693128	0.14594741489328567	-0.022815126050413692	0.41718487394958625	0.18558623570967264	0.11121882508982721	-0.05892703862661053	0.3510729613733896	0
6	frontiers	2319	pig	4	0.43122035360068994	0.43122035360068994	0.08066313481915131	0.07003951453885118	0.02718487394958613	0.3771848739495862	0.026527506827934862	0.0990780006684139	-0.08892703862661078	0.3810729613733894	0.0	0.0									1.0	1.0	0.08066313481915131	0.07003951453885118	0.02718487394958613	0.3771848739495862	0.026527506827934862	0.0990780006684139	-0.08892703862661078	0.3810729613733894	1
6	frontiers	3849	hedge	3	1.8186541958950375	2.0784619381657574	0.2126308833392575	0.12060544257541293	-0.022815126050413692	0.6071848739495862	0.13988812725016672	0.10406966054086747	-0.1689270386266104	0.43107296137338924	1.0	2.0	0.43085154061625275	0.058338095043747665	0.29718487394958615	0.6071848739495862	0.3221840724845006	0.04088758823646699	0.19107296137338947	0.3610729613733894	5.0	5.0	0.1754515406162528	0.08663544438457993	-0.022815126050413692	0.4671848739495861	0.11473962804005604	0.08402953033713849	-0.11892703862661058	0.43107296137338924	0
6	frontiers	3416	aliens	5	1.4637002341920375	2.34192037470726	0.09660516380465854	0.11131443014739589	-0.20281512605041385	0.5271848739495861	0.029719577914742796	0.10174821832173427	-0.2789270386266107	0.2410729613733893	0.0	1.0	0.2946848739495862	0.09604686356149277	0.19718487394958606	0.3771848739495862	0.17607296137338935	0.0212132034355966	0.16107296137338922	0.19107296137338947	5.0	7.0	0.09069233663615324	0.10649054787160615	-0.20281512605041385	0.5271848739495861	0.02748517511384743	0.10086600938709253	-0.2789270386266107	0.2410729613733893	0
7	frontiers	4774	unicorn	1	0.41893590280687054	0.20946795140343527	0.041306511663243665	0.08380846696237698	-0.17967479674797104	0.21032520325202864	0.07234192037470984	0.08933581314824138	-0.11999999999999744	0.24000000000000243	1.0	0.0	0.04880139372821921	0.10836885864402891	-0.1096747967479712	0.21032520325202864	0.12352380952381202	0.056856447986624	-0.009999999999997566	0.24000000000000243	2.0	1.0	-0.01339893467900569	0.06268245399084324	-0.17967479674797104	0.11032520325202899	-0.009513888888886487	0.07429227727760439	-0.11999999999999744	0.18000000000000238	0
7	frontiers	3146	pepper	2	0.3178639542275906	0.0	0.12144006811689359	0.10332985022624526	-0.15967479674797103	0.2703252032520287	0.2059523809523833	0.09596435866634791	-0.009999999999997566	0.510000000000002	1.0	0.0	0.0878061192825632	0.12463079944966303	-0.15967479674797103	0.25032520325202867	0.20201550387597142	0.10096704169060287	-0.009999999999997566	0.510000000000002	1.0	0.0	0.13859186991869554	0.06892994855363131	0.02032520325202869	0.25032520325202867	0.1963333333333357	0.08677222104175401	0.03000000000000247	0.35000000000000275	0
7	frontiers	2987	minion	3	2.678272514228323	2.343488449949782	0.12855247597930153	0.07825169075926261	-0.139674796747971	0.2603252032520289	0.17222727272727503	0.09695851008271288	-0.039999999999997815	0.36000000000000254	3.0	2.0	0.06750830184357813	0.044854784697527746	-0.029674796747971133	0.19032520325202862	0.21760563380281933	0.07096205804577929	0.03000000000000247	0.3200000000000025	6.0	5.0	0.15732520325202878	0.07381047742144199	-0.139674796747971	0.2603252032520289	0.15166666666666914	0.10085817450585378	-0.039999999999997815	0.36000000000000254	0
7	frontiers	4290	pig	6	2.097902097902098	2.331002331002331	0.11432520325202895	0.06070772379700599	-0.12967479674797122	0.2803252032520289	0.14872023809524046	0.10050543465488321	-0.15999999999999748	0.5200000000000027	3.0	5.0	0.1794428503108523	0.04882913536048615	0.10032520325202876	0.2803252032520289	0.21468750000000236	0.06932712311931026	0.12000000000000233	0.5200000000000027	5.0	3.0	0.07060298102980665	0.03686953836655488	-0.12967479674797122	0.130325203252029	0.07534722222222463	0.050989004634613096	-0.15999999999999748	0.21000000000000218	0
7	frontiers	4154	hedge	5	2.1665864227250844	2.1665864227250844	-0.004803001876176348	0.0499305011496474	-0.12967479674797122	0.11032520325202899	0.05708933717579491	0.07741040374858497	-0.18999999999999773	0.3200000000000025	3.0	3.0	0.026913438546146445	0.034556817988174074	-0.039674796747971364	0.11032520325202899	0.15111111111111358	0.052009614495783396	0.040000000000002256	0.3200000000000025	5.0	4.0	-0.008674796747971225	0.042104854731328904	-0.0796747967479714	0.09032520325202897	0.00140000000000238	0.05054109896474115	-0.18999999999999773	0.14000000000000234	0
7	frontiers	4081	aliens	4	1.9603038470962997	2.205341827983337	0.17082055928918052	0.09225472337272386	-0.1096747967479712	0.340325203252029	0.2295975232198166	0.16136690646834403	-0.18999999999999773	0.5300000000000025	3.0	2.0	0.23603948896631455	0.029269929594515756	0.19032520325202862	0.3103252032520287	0.39579710144927793	0.06193938681108876	0.2500000000000022	0.5300000000000025	4.0	5.0	0.09928353658536215	0.07786233817638478	-0.1096747967479712	0.33032520325202874	0.07993103448276102	0.08803011283807109	-0.18999999999999773	0.23000000000000265	1
8	frontiers	2113	unicorn	5	1.8930430667297682	3.312825366777094	0.09440807905862485	0.06316747720296209	-0.2580546075085395	0.17194539249146068	0.1297297591805691	0.0642207970749535	0.04318840579711036	0.40318840579711024	4.0	6.0	0.08394539249146064	0.05384374556223046	-0.13805460750853937	0.16194539249146045	0.14589673913044374	0.06726975024664224	0.05318840579711015	0.40318840579711024	4.0	5.0	0.10418539249146064	0.05109863958797662	-0.2580546075085395	0.17194539249146068	0.12223602484472941	0.052709446158024774	0.04318840579711036	0.40318840579711024	0
8	frontiers	4320	pepper	4	1.3888888888888888	1.8518518518518516	0.08558175612782438	0.055298863080214	-0.1880546075085392	0.2219453924914605	0.07598170188649574	0.04510823286295461	-0.1368115942028898	0.37318840579711043	4.0	5.0	0.04804295346707042	0.04564371138546308	-0.08805460750853955	0.11194539249146063	0.07295852073963903	0.05346107063314807	-0.026811594202889477	0.37318840579711043	2.0	1.0	0.08054539249146067	0.032253817213350335	0.031945392491460556	0.16194539249146045	0.06992173913044364	0.03664626237232522	-0.006811594202889459	0.14318840579711045	0
8	frontiers	3523	minion	6	1.9869429463525403	3.9738858927050806	0.2864721414626541	0.07082222465212738	0.011945392491460538	0.4219453924914607	0.2378840579710234	0.07307138029740806	-0.17681159420288983	0.4631884057971103	3.0	8.0	0.2740666046126729	0.05820920621612781	0.10194539249146084	0.40194539249146066	0.24243571762506722	0.06589247761941884	0.12318840579711043	0.4631884057971103	3.0	3.0	0.27050209352238846	0.06482331259408228	0.17194539249146068	0.39194539249146043	0.21679665321979086	0.030488575968792148	0.13318840579711022	0.3131884057971104	0
8	frontiers	4010	pig	3	1.4962593516209477	1.745635910224439	0.0461492141475117	0.0906006043363678	-0.1880546075085392	0.21194539249146072	0.07237079573421729	0.09121312480590131	-0.24681159420288967	0.2631884057971101	2.0	3.0	0.09926246566219234	0.049914711962909794	-0.07805460750853932	0.16194539249146045	0.13873057447180914	0.04773537349853227	-0.01681159420288969	0.22318840579711052	4.0	3.0	-0.03858895865357758	0.057114096025132594	-0.1880546075085392	0.09194539249146061	-0.009050400173038904	0.06510421710056775	-0.24681159420288967	0.15318840579711024	0
8	frontiers	3727	hedge	2	1.8781862087469816	3.48806010195868	0.04625407416348641	0.0997064460102672	-0.16805460750853918	0.27194539249146077	0.05116917502787947	0.10727894170417807	-0.17681159420288983	0.3631884057971102	2.0	8.0	0.09899084703691523	0.05112884537788888	-0.028054607508539497	0.27194539249146077	0.14330076534767205	0.06798218988058694	0.03318840579711013	0.3631884057971102	5.0	4.0	-0.03425460750853938	0.07197753191566894	-0.16805460750853918	0.16194539249146045	-0.03721159420288965	0.0729427466942534	-0.17681159420288983	0.10318840579711042	0
8	frontiers	3182	aliens	1	2.51414204902577	2.828409805153991	0.06700375825021557	0.08609642406268296	-0.09805460750853934	0.21194539249146072	0.0791114827201872	0.08454005610964	-0.20681159420288964	0.4631884057971103	3.0	4.0	0.10524209578816386	0.07375718337980437	-0.06805460750853953	0.21194539249146072	0.12808202281838693	0.08046564325080445	-0.20681159420288964	0.4631884057971103	5.0	4.0	0.038769716815784866	0.08760639527304866	-0.09805460750853934	0.1919453924914607	0.04555327066197512	0.0751901126667513	-0.09681159420288976	0.19318840579711027	1
10	frontiers	4401	unicorn	6	1.8177686889343332	2.2722108611679164	-0.6845117708333291	0.10641055259747406	-0.9658984374999964	-0.4658984374999964	-0.6952263993316612	0.09176182543183417	-0.9905158730158719	-0.4505158730158718	3.0	5.0	-0.7125276509831422	0.11300587092778447	-0.8958984374999961	-0.5058984374999964	-0.7727499155690629	0.0891917621843327	-0.9905158730158719	-0.5705158730158715	4.0	3.0	-0.5902432650862033	0.05386214132578861	-0.7158984374999964	-0.4658984374999964	-0.6378951833606988	0.060816443884391114	-0.7405158730158719	-0.4505158730158718	0
10	frontiers	3815	pepper	4	2.3591087811271296	2.6212319790301444	-0.7558984374999964	0.11246933203923042	-0.9458984374999964	-0.4958984374999962	-0.753138823835544	0.1270943189874968	-1.0005158730158716	-0.19051587301587158	3.0	4.0	-0.7807897418478223	0.11060765791521293	-0.9458984374999964	-0.5558984374999962	-0.805407177363698	0.11167549698502091	-1.0005158730158716	-0.5705158730158715	4.0	4.0	-0.706333220108692	0.12058779135416248	-0.8958984374999961	-0.4958984374999962	-0.7051427386875133	0.1452540254326462	-0.9405158730158716	-0.19051587301587158	0
10	frontiers	6304	minion	5	2.062182741116751	2.062182741116751	-0.5559865432268695	0.1581724858077489	-0.9758984374999962	-0.1358984374999963	-0.5596508941129179	0.14672856358375688	-1.0405158730158717	-0.3105158730158717	0.0	1.0	-0.5058984374999964		-0.5058984374999964	-0.5058984374999964	-0.6774389499389487	0.10499084209147444	-0.8105158730158717	-0.47051587301587183	4.0	3.0	-0.3995604093309823	0.08965243268002271	-0.5458984374999964	-0.1358984374999963	-0.4690492063492052	0.06426023713045759	-0.6505158730158715	-0.3605158730158715	1
10	frontiers	3743	pig	2	2.671653753673524	2.9388191290408763	-0.6422863973662168	0.12398174520121628	-0.9758984374999962	-0.3758984374999961	-0.719408490465536	0.1216405058875832	-0.9905158730158719	-0.3505158730158717	3.0	3.0	-0.7329651041666628	0.07790800766068696	-0.9758984374999962	-0.5658984374999965	-0.7756510081510068	0.1490907900579995	-0.9705158730158718	-0.49051587301587185	6.0	6.0	-0.5649651041666623	0.12105989790773725	-0.9658984374999964	-0.3758984374999961	-0.6937825396825384	0.09791447210639874	-0.9205158730158716	-0.4105158730158718	0
10	frontiers	6275	hedge	3	2.549800796812749	3.3466135458167328	-0.6597699971330229	0.09288207071863874	-1.125898437499996	-0.4658984374999964	-0.7595686963309894	0.15100096357383297	-1.0905158730158715	-0.28051587301587144	3.0	6.0	-0.704721966911761	0.08919496789011572	-0.9458984374999964	-0.4658984374999964	-0.8363779419813889	0.0517271851548264	-0.9605158730158716	-0.7305158730158716	4.0	3.0	-0.6710984374999961	0.08301144095158848	-0.9258984374999963	-0.47589843749999616	-0.7175825396825384	0.18797239075673036	-1.0605158730158717	-0.28051587301587144	0
10	frontiers	8317	aliens	1	2.5249488998436935	2.6451845617410124	-0.6492954361357387	0.17399061541725358	-1.0258984374999964	-0.19589843749999591	-0.6404610784953245	0.20312779805638714	-1.0805158730158717	-0.08051587301587126	3.0	4.0	-0.7388984374999963	0.10969810148488332	-0.9958984374999962	-0.5658984374999965	-0.8414592692422866	0.10050381069972875	-1.0605158730158717	-0.5405158730158717	4.0	4.0	-0.42093155008277783	0.1007165936158515	-0.7158984374999964	-0.19589843749999591	-0.4567917350848374	0.18589851184175957	-0.8105158730158717	-0.08051587301587126	0
11	frontiers	7009	unicorn	6	2.9961478099586243	4.137537451847624	0.04187904938882863	0.1303628997838833	-0.5119290465631954	0.3080709534368049	0.022878524945770848	0.11485201932462431	-0.3441214750542292	0.2858785249457707	7.0	10.0	0.0559067743323271	0.11138473552834588	-0.5119290465631954	0.2480709534368044	-0.027327581924458246	0.0625517284465428	-0.3141214750542294	0.11587852494577078	6.0	7.0	-0.1260386356042911	0.05664981642088173	-0.24192904656319536	0.01807095343680487	-0.09522492333009132	0.07707425389211896	-0.3441214750542292	0.05587852494577117	0
11	frontiers	4889	pepper	2	2.4544896706893025	2.6590304765800776	0.09017951293576072	0.10264055935393988	-0.40192904656319506	0.5080709534368051	0.10517604560692784	0.13168411570589622	-0.2341214750542293	0.4058785249457708	4.0	5.0	0.017470953436804746	0.06737882486559445	-0.13192904656319548	0.15807095343680455	-0.03765480838756254	0.04897796610018592	-0.2341214750542293	0.07587852494577074	4.0	3.0	0.04533762010347144	0.031663004615758494	-0.021929046563195165	0.10807095343680473	0.08374519161243742	0.05816646634966115	-0.10412147505422897	0.20587852494577064	0
11	frontiers	5939	minion	5	2.6940562384239772	2.5256777235224783	-0.18282280710282406	0.1625619752239314	-0.6019290465631952	0.1880709534368048	-0.23007425751628632	0.15535968879304957	-0.6041214750542294	0.10587852494577099	6.0	5.0	-0.0978350868316516	0.05873685503109877	-0.22192904656319534	0.038070953436804444	-0.19224228042335673	0.07827851460008457	-0.3541214750542294	-0.024121475054228902	4.0	3.0	-0.3133290465631953	0.04915432484539597	-0.6019290465631952	-0.22192904656319534	-0.36012147505422926	0.08650561528889363	-0.5441214750542294	-0.15412147505422924	0
11	frontiers	6386	pig	3	2.8186658315064204	2.975258377701221	-0.0698562617530686	0.16664768083466813	-0.36192904656319547	0.4580709534368044	-0.10650694108898448	0.17018092543926996	-0.3541214750542294	0.31587852494577096	5.0	6.0	-0.10018408012024228	0.08977247173033163	-0.22192904656319534	0.10807095343680473	-0.15598814172089576	0.13192628950022636	-0.3341214750542294	0.1558785249457708	6.0	5.0	-0.1390623798965287	0.09537869886336262	-0.36192904656319547	-0.011929046563195378	-0.1295881417208959	0.1000643193598424	-0.3441214750542292	0.045878524945770494	1
11	frontiers	6453	hedge	4	2.7894002789400276	2.634433596776693	-0.12774947999972783	0.12820837671890672	-0.4219290465631951	0.23807095343680462	-0.14568494254648903	0.14037116301966288	-0.40412147505422924	0.33587852494577053	6.0	5.0	-0.12886237989652854	0.04539087018549949	-0.2119290465631951	0.10807095343680473	-0.20045480838756252	0.06149607579193659	-0.37412147505422944	-0.0841214750542294	6.0	5.0	-0.24775686113273165	0.05727544693140382	-0.4219290465631951	-0.13192904656319548	-0.21306187240522256	0.055282936702998456	-0.40412147505422924	-0.03412147505422958	0
11	frontiers	4808	aliens	1	3.119800332778702	3.743760399334443	0.2701149094807607	0.1650243549031096	-0.20192904656319532	0.6180709534368045	0.24569141475866046	0.13303416823072148	-0.05412147505422915	0.565878524945771	5.0	8.0	0.2900843762555968	0.12482409171576062	0.11807095343680452	0.6180709534368045	0.1788785249457707	0.12912586856585279	0.005878524945770458	0.5058785249457705	6.0	6.0	0.13600428677013815	0.13363426331258094	-0.20192904656319532	0.2980709534368051	0.1999451916124375	0.10345765055622025	-0.05412147505422915	0.32587852494577074	0
12	frontiers	1573	unicorn	1	1.2714558169103625	0.6357279084551812	0.3397543889993996	0.2270252559166559	0.0013672922252059294	0.6713672922252063	0.382052089539532	0.21058546141445708	0.002374670184693173	0.6823746701846929	2.0	1.0	0.3246151554730693	0.2248364503667019	0.0013672922252059294	0.6713672922252063	0.3685285163385394	0.2091231535930449	0.002374670184693173	0.6823746701846929	2.0	1.0	0.35846130931922315	0.21987480696923492	0.0013672922252059294	0.6713672922252063	0.3977592855693088	0.20622860792525963	0.002374670184693173	0.6823746701846929	0
12	frontiers	1483	pepper	3	1.3486176668914363	0.6743088334457181	0.17199229222520612	0.06002314368456367	0.06136729222520598	0.2813672922252062	0.06721842018469334	0.04594655927840313	-0.027625329815306632	0.16237467018469331	2.0	1.0	0.17199229222520612	0.06002314368456367	0.06136729222520598	0.2813672922252062	0.06721842018469334	0.04594655927840313	-0.027625329815306632	0.16237467018469331	2.0	1.0	0.17199229222520612	0.06002314368456367	0.06136729222520598	0.2813672922252062	0.06721842018469334	0.04594655927840313	-0.027625329815306632	0.16237467018469331	0
12	frontiers	1283	minion	6	1.558846453624318	0.779423226812159	0.24027140181424717	0.054913104179735585	0.07136729222520621	0.36136729222520625	0.12840206744496735	0.06869295059310823	-0.04762532981530665	0.24237467018469339	2.0	1.0	0.24027140181424717	0.054913104179735585	0.07136729222520621	0.36136729222520625	0.12840206744496735	0.06869295059310823	-0.04762532981530665	0.24237467018469339	2.0	1.0	0.24027140181424717	0.054913104179735585	0.07136729222520621	0.36136729222520625	0.12840206744496735	0.06869295059310823	-0.04762532981530665	0.24237467018469339	0
12	frontiers	2011	pig	5	0.9945300845350571	0.49726504226752855	0.178290369148283	0.06729325347213283	0.041367292225205965	0.3013672922252062	0.10639176420178725	0.08468053382403684	-0.06762532981530667	0.22237467018469337	1.0	0.0	0.14470062555853933	0.06844050382706544	0.041367292225205965	0.27136729222520595	0.07358679139681448	0.09513577587225454	-0.06762532981530667	0.22237467018469337	2.0	1.0	0.178290369148283	0.06729325347213283	0.041367292225205965	0.3013672922252062	0.10639176420178725	0.08468053382403684	-0.06762532981530667	0.22237467018469337	1
12	frontiers	1896	hedge	4	1.5822784810126582	1.0548523206751055	0.11522867836381985	0.08003712010098443	-0.01863270777479409	0.25136729222520593	0.05019645236291117	0.09650496319253263	-0.1376253298153065	0.18237467018469333	1.0	0.0	0.10298019545101249	0.08913415103066662	-0.01863270777479409	0.25136729222520593	0.017858541152435264	0.09922118724287025	-0.1376253298153065	0.18237467018469333	3.0	2.0	0.11522867836381985	0.08003712010098443	-0.01863270777479409	0.25136729222520593	0.05019645236291117	0.09650496319253263	-0.1376253298153065	0.18237467018469333	0
12	frontiers	1585	aliens	2	1.8927444794952681	1.2618296529968454	0.24246485320081573	0.1478404720608092	-0.008632707774793857	0.42136729222520586	0.19493564579444947	0.12024471935336606	-0.017625329815306845	0.35237467018469326	2.0	1.0	0.22301112784164434	0.14515330687309472	-0.008632707774793857	0.42136729222520586	0.1800459030614057	0.11905321578494507	-0.017625329815306845	0.35237467018469326	3.0	2.0	0.24246485320081573	0.1478404720608092	-0.008632707774793857	0.42136729222520586	0.19493564579444947	0.12024471935336606	-0.017625329815306845	0.35237467018469326	0
13	frontiers	2715	unicorn	6	1.4732965009208103	1.1049723756906078	-0.28313362381989937	0.0783563220944998	-0.6802941176470596	-0.17029411764705937	-0.14655410841797867	0.1313459590677133	-0.4049590163934389	0.0050409836065608005	1.0	0.0	-0.3776111908177914	0.0817625950616754	-0.6802941176470596	-0.3002941176470597	-0.34567330210772457	0.03226361366230577	-0.4049590163934389	-0.2649590163934388	4.0	3.0	-0.2714941176470598	0.062647624314213	-0.5902941176470597	-0.17029411764705937	-0.1270256830601055	0.11797108431213453	-0.3749590163934391	0.0050409836065608005	1
13	frontiers	3029	pepper	3	0.6602839220864972	0.3301419610432486	-0.3011614645858351	0.061450524231366675	-0.6102941176470598	-0.23029411764705943	-0.08891840725638316	0.0840709028727009	-0.3849590163934389	-0.004959016393438986	1.0	0.0	-0.3791313269493851	0.08569628825449795	-0.6102941176470598	-0.2802941176470597	-0.21200447093889369	0.09143760219481596	-0.3849590163934389	-0.10495901639343908	2.0	1.0	-0.2789607843137264	0.024866534117477294	-0.35029411764705953	-0.23029411764705943	-0.05195901639343891	0.03157498797738191	-0.1449590163934391	-0.004959016393438986	0
13	frontiers	2644	minion	4	1.13464447806354	0.75642965204236	-0.3210441176470596	0.13868452050036129	-0.6702941176470594	-0.13029411764705934	-0.17312228169956156	0.17413197800693364	-0.5949590163934388	0.03504098360656105	1.0	0.0	-0.503627450980393	0.10822955402123932	-0.6702941176470594	-0.3302941176470595	-0.45433401639343896	0.09119060152478219	-0.5949590163934388	-0.3049590163934388	3.0	2.0	-0.30009411764705957	0.1158190558210313	-0.6302941176470593	-0.13029411764705934	-0.17312228169956156	0.17413197800693364	-0.5949590163934388	0.03504098360656105	0
13	frontiers	3282	pig	5	1.5234613040828764	0.9140767824497258	-0.1887663398692817	0.10926809005320791	-0.5402941176470595	-0.030294117647059693	0.00013532322920249825	0.17255671659411564	-0.34495901639343884	0.27504098360656126	2.0	0.0	-0.33051150895140735	0.04008264409302263	-0.39029411764705957	-0.24029411764705966	-0.27626336421952585	0.03310647440219195	-0.34495901639343884	-0.21495901639343895	4.0	3.0	-0.14575511055486096	0.09397169161359913	-0.5402941176470595	-0.030294117647059693	0.10744974273064864	0.07659601382890838	-0.10495901639343908	0.27504098360656126	0
13	frontiers	3859	hedge	1	1.8139414356050791	1.5548069448043536	-0.16859440093317876	0.09993435586861066	-0.47029411764705964	0.07970588235294063	0.1284882770538544	0.19828931802458166	-0.3949590163934391	0.535040983606561	3.0	2.0	-0.2575590749120168	0.1190452241769976	-0.47029411764705964	0.07970588235294063	-0.0946981468282217	0.18512423931428684	-0.3949590163934391	0.535040983606561	3.0	2.0	-0.14162745098039292	0.03855905723503343	-0.24029411764705966	-0.09029411764705975	0.2459743169398943	0.07681885488162642	0.08504098360656087	0.3850409836065607	0
13	frontiers	3305	aliens	2	1.8154311649016641	1.51285930408472	-0.1823476890756309	0.13862643541927056	-0.5802941176470595	-0.010294117647059675	0.05499634074941813	0.1774849144549043	-0.3049590163934388	0.3150409836065613	2.0	1.0	-0.42982900136798974	0.0704054072724563	-0.5802941176470595	-0.2902941176470595	-0.2207729698818111	0.04821739254171249	-0.3049590163934388	-0.13495901639343888	5.0	4.0	-0.11075769380600001	0.061104694291512086	-0.2802941176470597	-0.010294117647059675	0.15146482466616357	0.11329221433008785	-0.024959016393439004	0.3150409836065613	0
14	frontiers	5035	unicorn	4	0.5958291956305859	1.1916583912611718	-0.17269495712248648	0.09446674357464256	-0.6109127789046647	0.029087221095335458	-0.03927368122900765	0.14079602208353437	-0.4257637474541731	0.35423625254582713	1.0	1.0	-0.24700652890466473	0.06280777394760918	-0.33091277890466486	-0.05091277890466461	-0.15123249745417322	0.07230731784740546	-0.2957637474541732	-0.01576374745417297	1.0	0.0	-0.1370461122379982	0.0795185738014606	-0.3009127789046646	0.009087221095334996	0.0316362525458268	0.10859956616769742	-0.20576374745417336	0.29423625254582664	0
14	frontiers	4544	pepper	2	0.44014084507042256	0.8802816901408451	-0.17709557460358943	0.07633460427958079	-0.4009127789046647	0.05908722109533571	-0.0778289648454776	0.12229175937884915	-0.6957637474541731	0.1342362525458265	0.0	0.0									2.0	2.0	-0.18771549999310003	0.07227218713752094	-0.36091277890466467	-0.020912778904664364	-0.06914305779900085	0.13090083550394999	-0.6957637474541731	0.1342362525458265	0
14	frontiers	6033	minion	6	1.4917951268025857	1.4917951268025857	0.16181719142174472	0.11562830982778427	-0.1209127789046649	0.34908722109533485	0.09996325551318584	0.12740363870617827	-0.26576374745417297	0.444236252545827	0.0	0.0									4.0	3.0	0.20244338547889693	0.09330171597091672	-0.0009127789046647905	0.34908722109533485	0.07320885528555286	0.12768349582574276	-0.26576374745417297	0.3342362525458267	0
14	frontiers	6108	pig	3	1.14603798297315	1.14603798297315	-0.24431277890466474	0.1468684966249046	-0.5209127789046648	0.1990872210953354	-0.28333517602560165	0.2176327162476598	-0.6557637474541731	0.3342362525458267	0.0	0.0									3.0	2.0	-0.1659794455713314	0.1585113070159399	-0.3909127789046649	0.1990872210953354	-0.19823041412083986	0.2789576395319615	-0.6057637474541733	0.3342362525458267	0
14	frontiers	3882	hedge	1	1.287995878413189	1.8031942297784647	0.07427046716863367	0.19981792483721192	-0.5409127789046648	0.4390872210953356	-0.0037637474541732273	0.24807695159575666	-0.4757637474541734	0.46423625254582657	1.0	1.0	0.12308722109533526	0.08845805551902498	-0.15091277890466515	0.259087221095335	0.038402919212493426	0.10362627947148087	-0.16576374745417333	0.28423625254582685	3.0	4.0	0.1563179903261045	0.10878479847501057	-0.05091277890466461	0.4390872210953356	0.08292856023813451	0.19937261465721284	-0.27576374745417365	0.46423625254582657	0
14	frontiers	4564	aliens	5	1.3146362839614374	1.3146362839614374	0.0018051698132839698	0.16890580988920206	-0.2709127789046648	0.3290872210953353	0.04131317562274979	0.12635724690793895	-0.1757637474541731	0.35423625254582713	0.0	0.0									4.0	3.0	0.03868722109533523	0.17013567424560533	-0.2709127789046648	0.3290872210953353	0.07823625254582664	0.11435256913211046	-0.14576374745417287	0.35423625254582713	1
15	frontiers	7337	unicorn	3	0.4088864658579801	0.4088864658579801	0.15676679237117994	0.10214543845267446	-0.37379679144384914	0.306203208556151	0.09455802088276799	0.10953846677701035	-0.35840116279070156	0.28159883720929857	2.0	2.0	-0.026667161814219412	0.07394176700805007	-0.37379679144384914	0.11620320855615107	-0.10820508435932903	0.07722899460844622	-0.35840116279070156	0.061598837209298374	2.0	1.0	0.1546032085561509	0.06130657912732783	0.006203208556150752	0.25620320855615075	0.08233217054263167	0.05675919541344907	-0.028401162790701484	0.19159883720929827	0
15	frontiers	6986	pepper	4	0.71571714858288	0.572573718866304	0.04190088297475563	0.13402657363373363	-0.213796791443849	0.4162032085561509	-0.012928091466101927	0.13223367674326728	-0.21840116279070143	0.3115988372092984	3.0	3.0	0.23641597451359792	0.09433578388703062	-0.19379679144384898	0.4162032085561509	0.2020988372092985	0.0728981254261554	-0.008401162790701466	0.3115988372092984	2.0	0.0	-0.1102157103627679	0.053630255131688315	-0.213796791443849	0.016203208556150983	-0.1540092708988097	0.03900508167401262	-0.21840116279070143	-0.0484011627907015	0
15	frontiers	8300	minion	5	1.4457831325301203	1.2048192771084336	-0.022909792658915875	0.11955133323577495	-0.27379679144384905	0.24620320855615097	-0.019132870107774782	0.09787710626672338	-0.24840116279070168	0.2015988372092985	2.0	1.0	0.09329780315074551	0.05088674069682691	-0.023796791443849052	0.20620320855615093	0.10889613450659577	0.048509688976723905	-0.028401162790701484	0.19159883720929827	4.0	3.0	0.026069875222817597	0.04328749942262753	-0.05379679144384886	0.09620320855615105	0.005332170542631775	0.04553259274670329	-0.15840116279070138	0.09159883720929862	0
15	frontiers	9537	pig	1	1.4679668658907412	1.572821642025794	0.005940603514134093	0.15346757604352987	-0.3537967914438491	0.32620320855615104	-0.006623385012923784	0.12540617624163505	-0.4484011627907014	0.29159883720929836	3.0	3.0	0.013069875222817646	0.07396840125883118	-0.10379679144384912	0.22620320855615095	-0.0026011627907015543	0.048080888220586565	-0.08840116279070154	0.09159883720929862	3.0	2.0	-0.22439679144384883	0.061286323293364454	-0.3537967914438491	-0.0837967914438491	-0.21086782945736826	0.04849322469338692	-0.2984011627907015	-0.09840116279070177	1
15	frontiers	5918	hedge	2	1.1828320378506252	1.5207840486650894	-0.0799677951613211	0.09977360095813262	-0.3637967914438489	0.17620320855615113	-0.118664816274694	0.08364528754967826	-0.33840116279070154	0.041598837209298356	1.0	3.0	-0.08306762477718234	0.10219944166771647	-0.3637967914438489	0.17620320855615113	-0.16031127515025215	0.07463359596440558	-0.2684011627907017	-0.018401162790701697	3.0	2.0	-0.16866345811051564	0.07541150346323915	-0.3437967914438489	-0.03379679144384884	-0.18713449612403504	0.08609575336335448	-0.33840116279070154	-0.0484011627907015	0
15	frontiers	9246	aliens	6	1.7304780445598096	2.0549426779147737	-0.05163835286749997	0.0928175947913244	-0.25379679144384903	0.21620320855615116	-0.10994051464255322	0.104927567921363	-0.4384011627907016	0.2515988372092983	3.0	2.0	-0.0671621760592336	0.05109691110157718	-0.19379679144384898	0.1562032085561511	-0.12532423971377854	0.17118704312572827	-0.4384011627907016	0.2515988372092983	2.0	2.0	0.08106807342101584	0.06450741123361907	-0.05379679144384886	0.21620320855615116	0.01463937774983898	0.04919292554336813	-0.20840116279070164	0.15159883720929823	0
16	frontiers	3789	unicorn	3	0.7917656373713381	1.8474531538664554	-0.19808447604536777	0.12327768954249854	-0.7501515151515132	0.20984848484848673	-0.3653959047574287	0.11773269194213441	-0.925747663551399	-0.1957476635513986	0.0	1.0	-0.6326515151515131	0.17745891543302808	-0.7501515151515132	-0.37015151515151334					1.0	0.0	-0.16007277499403275	0.05632242868523494	-0.3301515151515133	-0.05015151515151306	-0.31768099688473256	0.057529644143322116	-0.4357476635513988	-0.1957476635513986	0
16	frontiers	4270	pepper	6	0.468384074941452	1.1709601873536302	-0.2172144522144502	0.1125806888590977	-0.6601515151515134	0.049848484848486585	-0.37691921166855397	0.11598087292553058	-0.7757476635513987	-0.035747663551399356	0.0	2.0	-0.18915151515151313	0.11570556502510057	-0.3401515151515131	-0.010151515151513024	-0.49262266355139905	0.1567468766302325	-0.7757476635513987	-0.2657476635513989	1.0	0.0	-0.224070434070432	0.09604247872354822	-0.3901515151515129	-0.05015151515151306	-0.3924143302180656	0.09675726680766406	-0.6257476635513992	-0.21574766355139907	0
16	frontiers	3190	minion	2	0.9404388714733543	1.567398119122257	-0.08356818181817977	0.1747531071523015	-0.4101515151515134	0.31984848484848705	-0.05975963959930331	0.1399787414162642	-0.3757476635513992	0.26425233644860135	0.0	0.0									2.0	2.0	-0.0928966131907288	0.18042390602916786	-0.4101515151515134	0.31984848484848705	-0.07688860314871454	0.12941411741227335	-0.21574766355139907	0.2442523364486009	0
16	frontiers	3958	pig	4	2.273875694795351	2.7791814047498735	-0.3847010647010628	0.13258489903561738	-0.8501515151515129	-0.05015151515151306	-0.4831329846523165	0.12569456126995204	-0.9757476635513989	-0.24574766355139932	1.0	2.0	-0.5889750445632778	0.08084571362641739	-0.8101515151515128	-0.49015151515151345	-0.8757476635513991	0.06737952211169199	-0.9757476635513989	-0.7657476635513989	5.0	6.0	-0.37427313677313473	0.08963212080691636	-0.5701515151515135	-0.23015151515151278	-0.47919360949734485	0.08040469778333677	-0.6557476635513995	-0.30574766355139893	1
16	frontiers	3585	hedge	1	2.2315202231520224	3.905160390516039	-0.013338766147529052	0.11100360713424022	-0.5501515151515131	0.20984848484848673	-0.10281115561489104	0.1269505500887515	-0.6457476635513988	0.3042523364486014	1.0	8.0	-0.1305218855218835	0.1128860330776627	-0.5501515151515131	0.049848484848486585	-0.1777476635513991	0.1292485403599792	-0.6457476635513988	0.114252336448601	6.0	5.0	0.006629306766295136	0.08707456124420912	-0.3201515151515135	0.1698484848484867	-0.12882985533222094	0.07437616478131123	-0.40574766355139946	0.00425233644860068	0
16	frontiers	3183	aliens	5	2.5133521834747095	2.199183160540371	-0.3079409888357235	0.10961420690815137	-0.6401515151515129	-0.0901515151515131	-0.38937995054691477	0.10556492915817033	-0.6857476635513988	-0.21574766355139907	3.0	3.0	-0.32818722943722756	0.1028930537960678	-0.6401515151515129	-0.17015151515151317	-0.4043917313480094	0.1024772073416672	-0.675747663551399	-0.21574766355139907	5.0	3.0	-0.31336580086579885	0.108902048119657	-0.510151515151513	-0.10015151515151288	-0.39698054026372764	0.1047288150642931	-0.6857476635513988	-0.2557476635513991	0
18	frontiers	1989	unicorn	3	2.0110608345902463	3.0165912518853695	0.02497316705919856	0.0806738043720785	-0.1955353075170727	0.36446469248292734	0.08832485235181485	0.06854193426834951	-0.16911832946636673	0.4008816705336331	4.0	6.0	0.034074067482927364	0.0915346184135283	-0.1955353075170727	0.36446469248292734	0.0892281272265464	0.07847518847125697	-0.16911832946636673	0.4008816705336331	3.0	3.0	0.031153434204781675	0.07998934807672525	-0.1755353075170727	0.36446469248292734	0.09333200165946082	0.0620318938118902	-0.16911832946636673	0.4008816705336331	1
18	frontiers	3795	pepper	1	0.7905138339920948	1.0540184453227932	0.09393683324539073	0.09244243018252339	-0.23553530751707275	0.3244646924829273	0.10378968240306935	0.08575557298924744	-0.20911832946636677	0.24088167053363296	2.0	3.0	0.08194216996040485	0.10044870666137355	-0.23553530751707275	0.3244646924829273	0.11452653034671711	0.08848187665795813	-0.20911832946636677	0.24088167053363296	1.0	0.0	0.1524646924829274	0.0592344902249927	-0.005535307517072763	0.24446469248292724	0.14941500386696624	0.054432849668582535	0.010881670533632981	0.22088167053363295	0
18	frontiers	2446	minion	4	1.6353229762878168	0.8176614881439084	-0.016757026974086202	0.06913656234868541	-0.15553530751707267	0.18446469248292718	0.034826624662073466	0.057976927694805995	-0.16911832946636673	0.37088167053363286	3.0	2.0	-0.0023321825170725986	0.08078291697628187	-0.15553530751707267	0.18446469248292718	0.01776167053363308	0.06458822423381383	-0.16911832946636673	0.37088167053363286	2.0	0.0	-0.04296773994950509	0.05355551029052378	-0.15553530751707267	0.08446469248292754	0.034935724587687164	0.05014045358284723	-0.07911832946636688	0.11088167053363307	0
18	frontiers	1548	pig	6	3.2299741602067185	2.5839793281653747	0.0881288146203319	0.08723272239660662	-0.18553530751707248	0.4244646924829274	0.09318936284132533	0.08684422891251016	-0.15911832946636695	0.34088167053363305	5.0	4.0	0.08580327516009266	0.08756278658654398	-0.18553530751707248	0.4244646924829274	0.0924689721209346	0.08807644587209636	-0.15911832946636695	0.34088167053363305	5.0	4.0	0.08740120041943528	0.08886904937326569	-0.18553530751707248	0.4244646924829274	0.09536167053363302	0.08786404453802839	-0.15911832946636695	0.34088167053363305	0
18	frontiers	8109	hedge	2	1.9731162905413737	1.9731162905413737	0.07120466660970623	0.12631066610346847	-0.28553530751707257	0.33446469248292754	0.12206502554013525	0.1362892868958652	-0.2491183294663668	0.4108816705336329	4.0	4.0	0.10267897819721311	0.18188567781562737	-0.28553530751707257	0.33446469248292754	0.1583081411218684	0.14158361656386248	-0.17911832946636697	0.4108816705336329	4.0	3.0	0.1326646924829274	0.08429788982049259	-0.055535307517072585	0.2844646924829273	0.16934833720029965	0.08292259402329726	0.0008816705336331943	0.34088167053363305	0
18	frontiers	3049	aliens	5	2.951787471302066	3.279763857002296	0.08375294871068538	0.1334120583975713	-0.3555353075170724	0.3744646924829276	0.0851165459784729	0.14020725091068173	-0.2491183294663668	0.34088167053363305	5.0	5.0	-0.01380598420880192	0.10988638263304054	-0.3555353075170724	0.15446469248292738	-0.01442135976939727	0.12167055628029456	-0.2491183294663668	0.20088167053363293	5.0	5.0	0.17439476241299723	0.08170279792040935	-0.02553530751707278	0.3744646924829276	0.176506670533633	0.08569517248604262	-0.14911832946636716	0.34088167053363305	0
20	frontiers	3433	unicorn	5	1.747742499271774	1.747742499271774	0.3732357285736229	0.10079246067880597	-0.11265979381443669	0.5773402061855633	0.3330568049308744	0.0817340976420445	-0.19318840579709518	0.5168115942029048	4.0	3.0	0.4062068728522299	0.06991400918334954	0.31734020618556347	0.5773402061855633	0.3502115942029052	0.06178366674542772	0.23681159420290498	0.5168115942029048	2.0	2.0	0.2960068728522301	0.1174657320166107	-0.11265979381443669	0.44734020618556336	0.2741645353793757	0.09536446422015114	-0.19318840579709518	0.3868115942029049	0
20	frontiers	5869	pepper	6	1.3630942238882264	1.3630942238882264	0.3607712912295517	0.09180358878187167	0.1073402061855635	0.8273402061855633	0.2971666237887037	0.12504192052497742	-0.43318840579709494	0.6168115942029049	3.0	4.0	0.3163484706483731	0.06350072123839334	0.21734020618556338	0.44734020618556336	0.280613247095467	0.14468503837846716	-0.43318840579709494	0.42681159420290493	2.0	3.0	0.3724602061855636	0.06838713329274745	0.1073402061855635	0.4973402061855636	0.302295465170647	0.10754734135276559	-0.3931884057970949	0.4068115942029049	0
20	frontiers	5479	minion	1	1.0950903449534586	2.007665632414674	0.05694285519218589	0.19556335114713158	-0.3926597938144365	0.5673402061855635	0.053908368396453354	0.12974169671795802	-0.22318840579709498	0.5868115942029051	4.0	3.0	-0.14917494532958814	0.05024531893213611	-0.3926597938144365	-0.10265979381443646	-0.09934225195094114	0.1057368831654237	-0.22318840579709498	0.5868115942029051	1.0	3.0	0.2707248215701787	0.07790773635920493	0.09734020618556327	0.4373402061855636	0.1726180458158082	0.0773442037862805	-0.12318840579709489	0.2868115942029048	0
20	frontiers	5328	pig	4	1.1261261261261262	1.8768768768768769	0.044304491899849203	0.15445962740371952	-0.43265979381443653	0.7473402061855636	0.038686594202904934	0.13706095825590486	-0.27318840579709525	0.5968115942029049	2.0	2.0	0.13118078589570834	0.13189977650472826	-0.12265979381443648	0.7473402061855636	0.10311594202899191	0.12506976789885035	-0.17318840579709516	0.5968115942029049	4.0	7.0	-0.007776072884203964	0.04950921924952637	-0.32265979381443666	0.1373402061855633	-0.06470003370407175	0.08073948581136399	-0.27318840579709525	0.276811594202905	0
20	frontiers	6489	hedge	3	2.003390352904916	2.6198181537987364	0.0768391168609446	0.12889338159801486	-0.3126597938144364	0.4673402061855634	0.062181573061255886	0.11172719740150318	-0.4131884057970949	0.47681159420290475	3.0	2.0	0.0609163651259607	0.03710066254324716	-0.002659793814436373	0.14734020618556354	0.062242057779063775	0.036235067716927666	-0.013188405797095015	0.1368115942029049	7.0	8.0	0.034840206185563466	0.1502380826604276	-0.3126597938144364	0.3573402061855635	0.05654492753623824	0.1312712579993571	-0.4131884057970949	0.47681159420290475	0
20	frontiers	5109	aliens	2	1.5658641612840085	2.1530632217655117	0.2781802061855637	0.1026227074302821	-0.02265979381443639	0.6773402061855633	0.17191040843215394	0.1514575026785928	-0.42318840579709516	0.716811594202905	4.0	3.0	0.2908735395188968	0.055042834652045604	0.15734020618556332	0.4073402061855633	0.18881159420290486	0.06067849037864129	0.056811594202904825	0.45681159420290474	2.0	3.0	0.23374020618556354	0.047499086994447826	0.03734020618556322	0.31734020618556347	0.13361159420290494	0.05184120180012843	-0.043188405797095264	0.18681159420290516	1
21	frontiers	3123	unicorn	5	0.9606147934678193	0.6404098623118796	-0.14524581479126658	0.1297412552170716	-0.5203099173553696	0.18969008264463127	-0.2477948319796142	0.08526408104935039	-0.398467908902691	0.021532091097308914	3.0	2.0	-0.04690991735536916	0.0832061400677043	-0.30030991735536894	0.18969008264463127	-0.20820124223602446	0.0877301128856855	-0.32846790890269073	0.021532091097308914	1.0	0.0	-0.24237658402203582	0.09458703365220329	-0.5203099173553696	-0.060309917355368725	-0.28966790890269106	0.06359392989478704	-0.398467908902691	-0.10846790890269098	0
21	frontiers	3548	pepper	4	1.6910935738444193	1.1273957158962795	-0.06977167372930683	0.09763099786183323	-0.2703099173553696	0.11969008264463099	-0.2333542725390548	0.0790253205941063	-0.46846790890269085	0.0915320910973092	4.0	3.0	-0.08557658402203584	0.077664712748223	-0.2703099173553696	0.09969008264463053	-0.23853502299665086	0.0877842613817819	-0.46846790890269085	0.0915320910973092	2.0	0.0	-0.005985593031044857	0.07356021331218084	-0.16030991735536926	0.11969008264463099	-0.19880574674052892	0.05585958514378799	-0.32846790890269073	-0.0884679089026914	0
21	frontiers	4174	minion	3	2.87494010541447	3.5936751317680877	-0.08700056483738351	0.16563131768447978	-0.4503099173553693	0.369690082644631	-0.1810516409601074	0.11706451079109235	-0.42846790890269126	0.08153209109730852	4.0	5.0	-0.07857658402203588	0.1347019910699552	-0.36030991735536944	0.19969008264463106	-0.23180124223602433	0.10972611826307704	-0.42846790890269126	0.08153209109730852	6.0	8.0	-0.016350185811745018	0.1830995106490661	-0.41030991735536926	0.369690082644631	-0.11260124223602434	0.10301616910076246	-0.3384679089026914	0.06153209109730895	1
21	frontiers	5025	pig	2	2.587064676616915	2.189054726368159	-0.16008867841731603	0.11441723425556227	-0.48030991735536954	0.07969008264463096	-0.31434374038827856	0.11867723779284889	-0.5684679089026909	-0.06846790890269094	4.0	2.0	-0.08617768595041045	0.07756362357754652	-0.21030991735536908	0.07969008264463096	-0.2583852642745917	0.09932686668913392	-0.4884679089026909	-0.06846790890269094	5.0	4.0	-0.20944899020305124	0.13713711093817013	-0.48030991735536954	0.049690082644630706	-0.41012353804176394	0.1253232112769548	-0.5684679089026909	-0.14846790890269101	0
21	frontiers	7871	hedge	1	2.0327785541862533	2.159827213822894	-0.30117874188688515	0.19267143378935334	-0.610309917355369	0.07969008264463096	-0.43278017656068374	0.17413470854695418	-0.6784679089026913	0.021532091097308914	2.0	4.0	-0.20741518051326394	0.21026248582313362	-0.5503099173553689	0.07969008264463096	-0.32387331430809646	0.18273530636467655	-0.6384679089026912	-0.028467908902690908	5.0	4.0	-0.3797801160308659	0.07655749978040645	-0.5003099173553691	-0.12030991735536922	-0.53230896850534	0.05668463550971959	-0.668467908902691	-0.398467908902691	0
21	frontiers	2385	aliens	6	3.3542976939203357	2.515723270440252	-0.08078329013643427	0.08219322943735904	-0.3303099173553692	0.34969008264463053	-0.17083477280801643	0.0506066327314502	-0.25846790890269133	0.08153209109730852	5.0	4.0	-0.03697658402203585	0.07849711939179031	-0.16030991735536926	0.34969008264463053	-0.17969013112491328	0.055157135648832976	-0.25846790890269133	0.08153209109730852	5.0	4.0	-0.11741272109368696	0.07615784682863826	-0.3303099173553692	0.34969008264463053	-0.17071089955689653	0.05607118809484809	-0.25846790890269133	0.08153209109730852	0
25	frontiers	4646	unicorn	1	0.4304778303917348	0.2152389151958674	-0.037418300653596574	0.07578935071016833	-0.1528888888888904	0.21711111111110926	-0.06623642439431776	0.0696591830032495	-0.3821428571428558	0.11785714285714421	1.0	1.0	0.08674074074073904	0.055986363826140126	-0.002888888888890495	0.21711111111110926	-0.03972906403940756	0.060807375751736024	-0.20214285714285607	0.11785714285714421	1.0	0.0	-0.10602222222222416	0.02627006530437634	-0.1528888888888904	-0.04288888888889053	-0.0525428571428559	0.021732973741552402	-0.10214285714285598	-0.012142857142855679	1
25	frontiers	2706	pepper	6	0.36954915003695493	0.36954915003695493	0.0834074074074057	0.14720117171796382	-0.08288888888889057	0.41711111111110943	0.09485100788781894	0.12920523901642025	-0.31214285714285595	0.38785714285714423	1.0	1.0	0.262621315192742	0.10263327158078003	0.11711111111110917	0.41711111111110943	0.19745714285714402	0.1613332208916232	-0.31214285714285595	0.38785714285714423	1.0	0.0	0.07025396825396653	0.1535577397756798	-0.08288888888889057	0.41711111111110943	0.10384305835010182	0.12939060583455794	-0.052142857142855714	0.38785714285714423	0
25	frontiers	2379	minion	3	0.8406893652795292	0.8406893652795292	0.1200634920634903	0.05232891187780436	0.007111111111109292	0.20711111111110947	0.10412987012987142	0.10865194907761812	-0.2421428571428561	0.2278571428571441	2.0	2.0	0.10828758169934462	0.026429706993546208	0.04711111111110933	0.14711111111110942	0.10785714285714415	0.11645559137244023	-0.2421428571428561	0.2278571428571441	2.0	2.0	0.1200634920634903	0.05232891187780436	0.007111111111109292	0.20711111111110947	0.10730668414154784	0.103894844116765	-0.19214285714285584	0.2278571428571441	0
25	frontiers	2866	pig	5	1.04675505931612	1.3956734124214933	-0.04340501792114869	0.1345979754599054	-0.23288888888889048	0.5171111111111095	-0.0016853408029865943	0.09835716245880997	-0.19214285714285584	0.18785714285714405	1.0	2.0	0.15488888888888716	0.09735052225338361	0.0971111111111096	0.5171111111111095	0.07973214285714414	0.10596972838189846	-0.19214285714285584	0.18785714285714405	3.0	3.0	-0.04982222222222397	0.13196474344424058	-0.23288888888889048	0.5171111111111095	0.00039047619047746454	0.0978300585604539	-0.17214285714285582	0.18785714285714405	0
25	frontiers	2749	hedge	2	2.1826118588577663	2.1826118588577663	0.04600721500721333	0.10795521758733578	-0.1228888888888906	0.2571111111111093	0.12530937215650725	0.08138153619894951	-0.21214285714285586	0.2778571428571439	2.0	1.0	0.17538697318007485	0.04781429594328166	-0.022888888888890513	0.2571111111111093	0.13285714285714417	0.12730456241982543	-0.21214285714285586	0.2678571428571441	6.0	6.0	0.04160090702947677	0.10750077204864143	-0.1228888888888906	0.2571111111111093	0.12905714285714417	0.07089949403933406	-0.14214285714285602	0.2778571428571439	0
25	frontiers	3239	aliens	4	1.234949058351343	1.234949058351343	0.11859070294784403	0.04615864051498391	-0.04288888888889053	0.2571111111111093	0.13846938775510334	0.09263455994091738	-0.11214285714285577	0.30785714285714416	2.0	1.0	0.15347474747474574	0.056170398221515504	-0.04288888888889053	0.2571111111111093	0.16209956709956838	0.07424748745876456	-0.062142857142855945	0.30785714285714416	3.0	3.0	0.1042334132693829	0.03903258772880149	-0.002888888888890495	0.18711111111110945	0.13454779033915865	0.08036500508511996	-0.09214285714285575	0.2678571428571441	0