subject	duration	card_class	show_order	fix_freq	sacc_freq	sr_fix_freq	sr_sacc_freq	pupil_diam_right_mean	pupil_diam_right_std	pupil_diam_right_min	pupil_diam_right_max	pupil_diam_left_mean	pupil_diam_left_std	pupil_diam_left_min	pupil_diam_left_max	sr_pupil_diam_right_mean	sr_pupil_diam_right_std	sr_pupil_diam_right_min	sr_pupil_diam_right_max	sr_pupil_diam_left_mean	sr_pupil_diam_left_std	sr_pupil_diam_left_min	sr_pupil_diam_left_max	label
4	2783	unicorn	1	70.42759611929573	112.46855910887531	130.66666666666666	208.66666666666666	-0.049023459988484674	0.24518996748447672	-0.51082901554404	1.19917098445596	-0.20129449454200338	0.3787427354479966	-0.7509883720930239	2.149011627906976	4.104038461538463	0.13790751953117428	3.7	4.42	4.540104166666667	0.4678337419294586	3.96	6.8	1
4	2383	pepper	4	152.7486361728913	51.19597146454049	242.66666666666666	81.33333333333333	-0.4886067933218179	0.1505244298201716	-0.97082901554404	0.5191709844559602	-0.6838132308500862	0.2887137184075479	-1.3209883720930238	0.8390116279069764	3.706320754716982	0.11626181841981538	3.24	3.97	3.979074074074074	0.32558369450158725	3.33	5.49	0
4	2368	minion	5	97.12837837837839	82.34797297297298	153.33333333333334	130.0	-0.47308511310501594	0.30586561510321636	-1.3108290155440403	2.28917098445596	-0.504635430916553	0.5307889562863553	-1.140988372093024	1.8390116279069764	3.710982142857144	0.3640462296685784	2.9	6.5	4.079824561403508	0.4963084654151349	3.51	6.31	0
4	2349	pig	2	108.55683269476371	76.62835249042145	170.0	120.0	-0.17555429026931482	0.1988799613489685	-0.53082901554404	0.8591709844559601	-0.18620576339737166	0.3605414105143156	-0.7009883720930237	1.5390116279069765	3.9740833333333327	0.10023079110030926	3.73	4.19	4.375090909090909	0.3215693897025359	3.97	6.19	0
4	2126	hedge	3	95.01411100658514	66.79209783631232	134.66666666666666	94.66666666666667	-0.4405805683390713	0.24934902824795357	-0.97082901554404	1.81917098445596	-0.523865084421791	0.3896345925733576	-1.0709883720930238	1.2490116279069765	3.764358974358972	0.11429230987030893	3.42	4.34	4.11577319587629	0.29475920628662583	3.66	5.69	0
4	3228	aliens	6	101.61090458488228	83.95291201982651	218.66666666666666	180.66666666666666	-0.3674004441154686	0.21089160721366962	-0.99082901554404	1.2591709844559595	-0.5119588362280447	0.283283388036601	-1.040988372093024	0.8290116279069766	3.8423595505617967	0.11946873375595082	3.22	4.04	4.112363636363638	0.2700694007738788	3.61	5.3	0
5	2808	unicorn	4	141.02564102564102	1.0683760683760684	264.0	0.0	-0.06266176470588704	0.05101192777771811	-0.20023529411765173	0.03976470588234804	-0.07113444444444728	0.09491735660196504	-0.31044000000000294	0.4495599999999973	3.1033333333333335	0.023094010767585063	3.06	3.14	2.971538461538462	0.05320497374089408	2.88	3.04	0
5	2197	pepper	6	190.71461083295404	13.199817933545743	279.3333333333333	19.333333333333332	-0.2336352941176516	0.05537947188300258	-0.480235294117652	-0.07023529411765184	-0.2433347368421082	0.0767263269265439	-0.5504400000000027	-0.140440000000003	3.008624999999999	0.06929561971288227	2.78	3.19	2.906951219512195	0.07103622835733313	2.64	3.01	0
5	2480	minion	5	133.46774193548387	3.629032258064516	220.66666666666666	0.0	-0.07887936191426197	0.05820557811312023	-0.3102352941176516	0.03976470588234804	-0.05954569105691336	0.08269049670932521	-0.35044000000000297	0.05955999999999717	3.1185	0.07527318667081223	2.95	3.3	3.0824000000000003	0.1074430081485064	2.84	3.24	0
5	2945	pig	1	197.2835314091681	17.31748726655348	387.3333333333333	34.0	0.10471420083184324	0.12040434194047689	-0.24023529411765177	0.27976470588234825	0.11903598253274832	0.22210651307132234	-0.21044000000000285	1.3495599999999972	3.263333333333334	0.11100729276772336	3.02	3.49	3.268809523809524	0.33731900014676236	2.98	4.54	1
5	2448	hedge	3	103.75816993464052	8.169934640522875	0.0	169.33333333333334	-0.16935294117647523	0.11639045707178548	-0.9302352941176517	-0.010235294117651783	-0.14839918367347218	0.08536107884024216	-0.36044000000000276	-0.050440000000002705	3.07375	0.09956153875869941	3.0	3.25	2.95	0.1080123449734643	2.83	3.06	0
5	3510	aliens	2	132.1937321937322	13.960113960113961	0.0	0.0	-0.0872783048703399	0.049115069296168726	-0.23023529411765198	0.38976470588234813	-0.06997125000000282	0.1037934369425929	-0.22044000000000263	1.0895599999999974	3.1174999999999997	0.00957427107756341	3.11	3.13	3.0474999999999994	0.004999999999999893	3.04	3.05	0
6	1859	unicorn	6	12.372243141473911	8.068854222700377	15.333333333333334	10.0	-0.04016380297822916	0.1843740514543009	-0.3196082474226736	0.2803917525773265	0.33384388185653957	0.16880695919802657	0.10084388185653959	0.8108438818565396	3.0094444444444446	0.1843740514543009	2.73	3.33	3.213	0.16880695919802657	2.98	3.69	0
6	2940	pepper	1	151.0204081632653	28.571428571428573	296.0	56.0	0.09569478288035672	0.24688035099316183	-0.17960824742267345	2.340391752577326	0.07025248400707723	0.12118413387890925	-0.5191561181434605	0.9408438818565394	3.165555555555556	0.46115387137240965	2.87	5.39	2.926415094339622	0.14090496442123185	2.77	3.82	0
6	3409	minion	2	96.80258140217073	0.0	0.0	0.0	0.18435726981870582	0.14750610487201116	-0.059608247422673344	0.4103917525773264	0.17535715619282288	0.11121882508982724	-0.06915611814346034	0.3408438818565398	3.4233333333333333	0.05507570547286112	3.36	3.46					0
6	2319	pig	4	26.735661923242777	4.743423889607589	0.0	0.0	0.27539175257732634	0.7110288320455087	-0.009608247422673521	2.8103917525773268	0.16251054852320626	0.5543007084266796	-0.09915611814346059	2.5508438818565393									1
6	3849	hedge	3	142.11483502208364	20.005196154845414	364.6666666666667	51.333333333333336	0.17583776196699774	0.12060544257541289	-0.059608247422673344	0.5703917525773265	0.13645135849205356	0.11819596658349832	-0.17915611814346022	0.6808438818565397	3.4436666666666675	0.05833809504374767	3.31	3.62	3.221333333333333	0.10119061334869486	3.06	3.56	0
6	3416	aliens	5	85.18735362997658	26.639344262295083	0.0	194.0	0.06578743603056382	0.13139312727184732	-0.2396082474226735	0.8903917525773264	0.01949049839789298	0.10174821832173427	-0.28915611814346054	0.23084388185653948	3.3075	0.09604686356149277	3.21	3.39	3.045	0.0212132034355966	3.03	3.06	0
7	4774	unicorn	1	259.94972769166316	0.6284038542103059	827.3333333333334	0.0	0.03578648018647628	0.08531394854762943	-0.3044000000000038	0.205599999999996	0.07376168224299323	0.09394108088687224	-0.11999999999999744	0.6800000000000028	3.658476190476191	0.10836885864402894	3.5	3.82	3.9235238095238105	0.056856447986624	3.79	4.04	0
7	3146	pepper	2	276.2237762237762	0.0	579.3333333333334	0.0	0.11671486486486103	0.10332985022624525	-0.16440000000000365	0.26559999999999606	0.21192567567567805	0.12179174173758317	-0.009999999999997566	1.340000000000002	3.6974809160305333	0.12463079944966295	3.45	3.86	4.0155725190839675	0.1514756152264146	3.79	5.14	0
7	2987	minion	3	199.53130231001003	15.734851021091396	397.3333333333333	31.333333333333332	0.1238272727272689	0.07825169075926261	-0.14440000000000364	0.2555999999999963	0.17222727272727503	0.09695851008271288	-0.039999999999997815	0.36000000000000254	3.677183098591548	0.04485478469752776	3.58	3.8	4.01760563380282	0.0709620580457793	3.83	4.12	0
7	4290	pig	6	215.85081585081585	17.24941724941725	617.3333333333334	49.333333333333336	0.10832463768115551	0.06118117491905418	-0.13440000000000385	0.2755999999999963	0.15258720930232797	0.12201655223613954	-0.15999999999999748	1.0400000000000023	3.789117647058824	0.04882913536048614	3.71	3.89	4.043134328358208	0.15519497956601752	3.92	4.84	0
7	4154	hedge	5	229.4174289841117	18.53635050553683	635.3333333333334	51.333333333333336	-0.00952820512820898	0.0499305011496474	-0.13440000000000385	0.10559999999999636	0.06413105413105659	0.10155800554377024	-0.18999999999999773	0.8100000000000027	3.6365882352941163	0.034556817988174074	3.57	3.72	3.9757647058823515	0.12388912545563664	3.84	4.61	0
7	4081	aliens	4	218.57387895123742	13.232050967900022	594.6666666666666	36.0	0.1673901234567862	0.0950144477916323	-0.11440000000000383	0.5855999999999963	0.23055555555555798	0.1620371474437351	-0.18999999999999773	0.5400000000000023	3.8457142857142887	0.029269929594515763	3.8	3.92	4.197857142857142	0.06385883110861805	4.05	4.34	1
8	2113	unicorn	5	167.06105063890203	15.144344533838145	235.33333333333334	21.333333333333332	0.08728511061396356	0.07492557575089491	-0.38167785234899965	0.16832214765100062	0.11441712490181447	0.078848070946591	0.023894736842112962	0.6438947368421131	3.4671874999999996	0.07135829719764458	3.01	3.55	3.3980412371134032	0.08506907946949317	3.3	3.91	0
8	4320	pepper	4	228.24074074074073	10.87962962962963	657.3333333333334	31.333333333333332	0.08195851128736414	0.05529886308021398	-0.19167785234899926	0.21832214765100044	0.056688032931498426	0.04510823286295459	-0.1561052631578872	0.35389473684211303	3.436097560975611	0.04564371138546306	3.3	3.5	3.3197701149425294	0.0534610706331481	3.22	3.62	0
8	3523	minion	6	167.75475447062163	29.236446210615952	394.0	68.66666666666667	0.2828488966221938	0.0708222246521273	0.008322147651000478	0.4183221476510006	0.2315516406078032	0.09852031028306918	-0.19610526315788723	0.6938947368421129	3.6621212121212094	0.05820920621612784	3.49	3.79	3.519215686274509	0.11804250178114692	3.37	3.96	0
8	4010	pig	3	214.9625935162095	15.46134663341646	574.6666666666666	41.333333333333336	0.04037910967631691	0.09425333937385118	-0.31167785234899936	0.20832214765100066	0.05307712677921985	0.09121312480590131	-0.2661052631578871	0.2438947368421127	3.487317073170731	0.04991471196290978	3.31	3.55	3.3855421686746987	0.04773537349853225	3.23	3.47	0
8	3727	hedge	2	205.52723370002684	28.172793131204724	510.6666666666667	70.0	0.04263082932302616	0.09970644601026724	-0.17167785234899924	0.2683221476510007	0.03187550607288208	0.10727894170417808	-0.19610526315788723	0.3438947368421128	3.4870454545454534	0.05112884537788889	3.36	3.66	3.390112359550563	0.06798218988058687	3.28	3.61	0
8	3182	aliens	1	214.95914519170333	20.427404148334382	456.0	43.333333333333336	0.06839936772822061	0.10366161511406259	-0.1016778523489994	0.8483221476510008	0.05981781376518985	0.08454005610963998	-0.22610526315788704	0.4438947368421129	3.5064516129032275	0.11695079940327864	3.32	4.24	3.374893617021276	0.08046564325080446	3.04	3.71	1
10	4401	unicorn	6	231.99272892524428	21.131561008861624	680.6666666666666	62.0	-0.6775156355043032	0.11576403138187726	-0.964007782101163	-0.05400778210116286	-0.6904349376114076	0.09193387363323761	-0.9869803921568621	-0.446980392156862	3.647692307692307	0.14736256816344673	3.45	4.29	3.5377659574468088	0.0891917621843327	3.32	3.74	0
10	3815	pepper	4	205.76671035386633	30.668414154652687	523.3333333333334	78.0	-0.7540077821011627	0.11246933203923029	-0.944007782101163	-0.4940077821011628	-0.7496033429765341	0.1270943189874968	-0.9969803921568618	-0.1869803921568618	3.565108695652176	0.11060765791521295	3.4	3.79	3.5051086956521744	0.11167549698502088	3.31	3.74	0
10	6304	minion	5	194.16243654822335	20.621827411167512	0.0	816.0	-0.5460424141357944	0.168201456050604	-0.9740077821011628	-0.04400778210116307	-0.5561154132539075	0.14672856358375677	-1.0369803921568619	-0.3069803921568619	3.84		3.84	3.84	3.6330769230769233	0.10499084209147444	3.5	3.84	1
10	3743	pig	2	199.57253539941223	34.99866417312317	498.0	87.33333333333333	-0.6403957419673832	0.1239817452012163	-0.9740077821011628	-0.3740077821011627	-0.7158730096065266	0.12164050588758313	-0.9869803921568621	-0.34698039215686194	3.6129333333333338	0.077908007660687	3.37	3.78	3.534864864864864	0.14909079005799947	3.34	3.82	0
10	6275	hedge	3	220.39840637450197	31.553784860557766	922.0	132.0	-0.6590810421744232	0.09695215002131775	-1.314007782101163	-0.464007782101163	-0.7560332154719811	0.15100096357383297	-1.0869803921568617	-0.27698039215686165	3.641176470588236	0.08919496789011569	3.4	3.88	3.4741379310344813	0.051727185154826424	3.35	3.58	0
10	8317	aliens	1	231.6941204761332	26.692316941204762	1284.6666666666667	148.0	-0.6474047807369073	0.17399061541725355	-1.024007782101163	-0.19400778210116254	-0.63211626172208	0.20914658600970515	-1.076980392156862	-0.03698039215686233	3.6069999999999998	0.10969810148488332	3.35	3.78	3.469056603773585	0.10050381069972875	3.25	3.77	0
11	7009	unicorn	6	248.10957340562132	26.537309173919244	1159.3333333333333	124.0	0.06023050974512596	0.13036289978388324	-0.4935775862068983	0.326422413793102	0.032878837204849326	0.12077109792411936	-0.9326582278481008	0.29734177215189916	4.1978358208955235	0.11138473552834591	3.63	4.39	4.1067938931297725	0.06255172844654278	3.82	4.25	0
11	4889	pepper	2	264.0621804049908	22.704029453876046	860.6666666666666	74.0	0.12532510530448926	0.2270883646649135	-0.38357758620689797	3.526422413793102	0.11663929281305634	0.13168411570589614	-0.22265822784810085	0.41734177215189927	4.159400000000002	0.06737882486559449	4.01	4.3	4.096466666666672	0.048977966100185955	3.9	4.21	0
11	5939	minion	5	266.03805354436776	25.93029129483078	1053.3333333333333	102.66666666666667	-0.1644713467465273	0.1625619752239314	-0.5835775862068981	0.2064224137931019	-0.2186110103101581	0.15535968879304965	-0.592658227848101	0.11734177215189945	4.044093959731541	0.058736855031098704	3.92	4.18	3.94187919463087	0.07827851460008457	3.78	4.11	0
11	6386	pig	3	261.50955214531785	24.898214844973378	1113.3333333333333	106.0	-0.05150480139677162	0.16664768083466816	-0.3435775862068984	0.47642241379310146	-0.09504369388285583	0.17018092543926996	-0.34265822784810096	0.3273417721518994	4.041744966442956	0.08977247173033165	3.92	4.25	3.978133333333332	0.13192628950022636	3.8	4.29	1
11	6453	hedge	4	274.1360607469394	19.68076863474353	1179.3333333333333	84.66666666666667	-0.1093980196434306	0.12820837671890667	-0.403577586206898	0.2564224137931017	-0.13422169534036085	0.1403711630196628	-0.3926582278481008	0.347341772151899	4.013066666666668	0.04539087018549947	3.93	4.25	3.9336666666666655	0.0614960757919366	3.76	4.05	0
11	4808	aliens	1	252.49584026622298	33.277870216306155	809.3333333333334	106.66666666666667	0.30939538676607514	0.18289824498342805	-0.18357758620689824	0.7164224137931017	0.25715466196478914	0.13303416823072142	-0.042658227848100694	0.5773417721518994	4.434333333333331	0.12760791809533767	4.26	4.78	4.312999999999999	0.1291258685658528	4.14	4.64	0
12	1573	unicorn	1	209.1544818817546	22.88620470438652	219.33333333333334	24.0	0.3397543889993996	0.2270252559166559	0.0013672922252059294	0.6713672922252063	0.382052089539532	0.21058546141445708	0.002374670184693173	0.6823746701846929	3.683247863247863	0.22483645036670188	3.36	4.03	3.706153846153849	0.2091231535930449	3.34	4.02	0
12	1483	pepper	3	124.74713418745785	2.0229265003371544	123.33333333333333	2.0	0.17199229222520612	0.06002314368456367	0.06136729222520598	0.2813672922252062	0.06721842018469334	0.04594655927840313	-0.027625329815306632	0.16237467018469331	3.5306250000000006	0.06002314368456365	3.42	3.64	3.4048437500000004	0.04594655927840313	3.31	3.5	0
12	1283	minion	6	165.23772408417773	3.8971161340607954	141.33333333333334	3.3333333333333335	0.24190783276574662	0.05632323280075883	0.07136729222520621	0.36136729222520625	0.13007737288739607	0.06972641835956343	-0.04762532981530665	0.2523746701846932	3.600540540540542	0.056323232800758814	3.43	3.72	3.4677027027027023	0.06972641835956343	3.29	3.59	0
12	2011	pig	5	167.0810542018896	4.475385380407757	224.0	0.0	0.178290369148283	0.06729325347213283	0.041367292225205965	0.3013672922252062	0.10639176420178725	0.08468053382403684	-0.06762532981530667	0.22237467018469337	3.503333333333333	0.06844050382706544	3.4	3.63	3.411212121212121	0.09513577587225452	3.27	3.56	1
12	1896	hedge	4	141.8776371308017	14.240506329113925	179.33333333333334	0.0	0.11522867836381985	0.08003712010098443	-0.01863270777479409	0.25136729222520593	0.05019645236291117	0.09650496319253263	-0.1376253298153065	0.18237467018469333	3.461612903225808	0.08913415103066663	3.34	3.61	3.3554838709677406	0.09922118724287028	3.2	3.52	0
12	1585	aliens	2	144.4794952681388	6.94006309148265	152.66666666666666	7.333333333333333	0.24246485320081573	0.1478404720608092	-0.008632707774793857	0.42136729222520586	0.19493564579444947	0.12024471935336606	-0.017625329815306845	0.35237467018469326	3.5816438356164375	0.14515330687309472	3.35	3.78	3.5176712328767112	0.11905321578494499	3.32	3.69	0
13	2715	unicorn	6	170.1657458563536	6.629834254143646	308.0	0.0	-0.19251541647492015	0.08503478264841297	-0.6269056603773593	-0.07690566037735902	-0.1197849562465073	0.13128623923435342	-0.37893129770992173	0.031068702290077965	2.9845238095238096	0.09653010097834591	2.65	3.07	3.4092857142857147	0.03226361366230577	3.35	3.49	1
13	3029	pepper	3	188.51105975569496	1.9808517662594916	380.6666666666667	0.0	-0.21000210707786687	0.06881694023145647	-0.6469056603773593	-0.13690566037735907	-0.06289068857286598	0.08407090287270091	-0.3589312977099217	0.02106870229007818	2.982954545454545	0.10068554653565692	2.63	3.09	3.542954545454545	0.09143760219481599	3.37	3.65	0
13	2644	minion	4	169.44024205748863	7.94251134644478	298.6666666666667	0.0	-0.2276556603773591	0.1386845205003613	-0.576905660377359	-0.036905660377358984	-0.18693129770992187	0.214381661658235	-0.6689312977099218	0.061068702290078214	2.866666666666667	0.10822955402123935	2.7	3.04	3.2402222222222212	0.12351828883516675	3.06	3.45	0
13	3282	pig	5	180.9872029250457	7.007921998781231	396.0	0.0	-0.09537788259958149	0.1092680900532079	-0.4469056603773591	0.06309433962264066	0.026163041912719655	0.17255671659411564	-0.3189312977099217	0.3010687022900784	3.039782608695652	0.04008264409302263	2.98	3.13	3.4786956521739114	0.03310647440219194	3.41	3.54	0
13	3859	hedge	1	253.69266649391034	15.029800466442083	652.6666666666666	38.666666666666664	-0.07520594366347821	0.0999343558686108	-0.3769056603773593	0.17309433962264098	0.15721601107194783	0.2009449292769333	-0.36893129770992195	0.6410687022900783	3.1127350427350433	0.11904522417699759	2.9	3.45	3.6722222222222203	0.2048889990109492	3.36	4.37	0
13	3305	aliens	2	188.19969742813916	10.59001512859304	414.6666666666667	23.333333333333332	-0.08895923180593047	0.13862643541927056	-0.48690566037735916	0.08309433962264068	0.0810240594329353	0.1774849144549043	-0.27893129770992164	0.34106870229007846	2.9404651162790696	0.0704054072724563	2.79	3.08	3.5341860465116297	0.048217392541712506	3.45	3.62	0
14	5035	unicorn	4	156.30585898709037	16.881827209533267	524.6666666666666	56.666666666666664	-0.17509041048361207	0.10314516682131314	-0.9009127789046647	0.029087221095335458	-0.03927368122900765	0.14079602208353437	-0.4257637474541731	0.35423625254582713	3.9239062500000004	0.06280777394760918	3.84	4.12	4.144531249999999	0.07230731784740549	4.0	4.28	0
14	4544	pepper	2	107.83450704225353	6.82218309859155	0.0	0.0	-0.16973630831642944	0.12618771595699807	-0.4009127789046647	1.1990872210953354	-0.08230428799471379	0.1363058012168169	-0.9057637474541731	0.1342362525458265									0
14	6033	minion	6	152.99187800430963	12.59738107077739	0.0	0.0	0.16389660525955813	0.11661036945580636	-0.1209127789046649	0.3890872210953349	0.09942686838160393	0.1273613734265229	-0.26576374745417297	0.444236252545827									0
14	6108	pig	3	156.35232481990832	9.986902423051736	0.0	0.0	-0.24431277890466474	0.1468684966249046	-0.5209127789046648	0.1990872210953354	-0.28333517602560165	0.2176327162476598	-0.6557637474541731	0.3342362525458267									0
14	3882	hedge	1	117.98042246264812	26.275115919629055	305.3333333333333	68.0	0.07427046716863367	0.19981792483721192	-0.5409127789046648	0.4390872210953356	0.02907667807774168	0.37992467036042943	-0.4757637474541734	3.5042362525458266	4.2940000000000005	0.08845805551902497	4.02	4.43	4.558148148148147	0.7402756089511373	4.13	7.8	0
14	4564	aliens	5	108.8957055214724	16.432953549517965	0.0	0.0	0.0018051698132839698	0.16890580988920206	-0.2709127789046648	0.3290872210953353	0.04131317562274979	0.12635724690793895	-0.1757637474541731	0.35423625254582713									1
15	7337	unicorn	3	267.13915769388035	5.042933078915088	1306.6666666666667	24.666666666666668	0.15769886232961852	0.10214543845267438	-0.3728647214854104	0.30713527851458977	0.10754832361575083	0.14713277831849242	-0.34916201117318657	2.6808379888268137	3.47712962962963	0.07394176700805002	3.13	3.62	3.5671844660194156	0.2844789439664231	3.29	6.32	0
15	6986	pepper	4	283.99656455768684	6.012024048096192	1322.6666666666667	28.0	0.042832952933194564	0.1340265736337337	-0.21286472148541025	0.41713527851458965	-0.0036889398485869603	0.13223367674326728	-0.20916201117318645	0.32083798882681336	3.740212765957445	0.09433578388703064	3.31	3.92	3.850500000000001	0.0728981254261554	3.64	3.96	0
15	8300	minion	5	279.7590361445783	9.518072289156626	1548.0	52.666666666666664	-0.02197772270047711	0.11955133323577494	-0.2728647214854103	0.24713527851458972	-0.00989371849025974	0.09787710626672336	-0.2391620111731867	0.21083798882681348	3.597094594594594	0.050886740696826895	3.48	3.71	3.757297297297297	0.04850968897672394	3.62	3.84	0
15	9537	pig	1	277.6554472056202	13.631120897556883	1765.3333333333333	86.66666666666667	0.0073556352826905005	0.1541098515665775	-0.35286472148541037	0.4671352785145899	0.006122798953395676	0.14257780291889882	-0.43916201117318643	1.710837988826813	3.5168666666666657	0.07396840125883127	3.4	3.73	3.6458	0.04808088822058655	3.56	3.74	1
15	5918	hedge	2	248.3947279486313	13.856032443393039	980.0	54.666666666666664	-0.07991481424978868	0.10174873972800207	-0.5528647214854101	0.17713527851458988	-0.10942566465717912	0.08364528754967823	-0.32916201117318655	0.05083798882681334	3.4158762886597924	0.11234018813147778	2.95	3.68	3.48808988764045	0.07463359596440557	3.38	3.63	0
15	9246	aliens	6	257.73307376162666	19.035258490157904	1588.6666666666667	117.33333333333333	-0.04643451553575361	0.12144067531246261	-0.2528647214854103	1.5571352785145893	-0.10410440748655096	0.11611799034365136	-0.9091620111731866	0.2608379888268133	3.4366346153846155	0.05109691110157718	3.31	3.66	3.523076923076923	0.17118704312572827	3.21	3.9	0
16	3789	unicorn	3	141.9899709685933	10.556875164951174	0.0	358.6666666666667	-0.15525993206320904	0.16304128194075831	-0.9312162162162148	0.2687837837837854	-0.36914766355139866	0.12886610245448193	-1.1157476635513994	-0.1957476635513986	4.3062499999999995	0.20170257452850865	4.1	4.72					0
16	4270	pepper	6	140.74941451990634	8.899297423887589	0.0	400.6666666666667	-0.15827915327915137	0.11258068885909771	-0.6012162162162147	0.10878378378378528	-0.37691921166855397	0.11598087292553058	-0.7757476635513987	-0.035747663551399356	4.901000000000001	0.11570556502510058	4.75	5.08	4.9331249999999995	0.1567468766302325	4.65	5.16	0
16	3190	minion	2	141.69278996865205	10.031347962382446	0.0	0.0	-0.024632882882881044	0.17475310715230147	-0.3512162162162147	0.37878378378378574	-0.05975963959930331	0.1399787414162642	-0.3757476635513992	0.26425233644860135									0
16	3958	pig	4	140.98029307731176	18.191005558362807	372.0	48.0	-0.32576576576576377	0.13258489903561738	-0.7912162162162142	0.008783783783785637	-0.5045087254983015	0.16697908182158122	-1.2257476635513989	-0.24574766355139932	4.501176470588236	0.08084571362641739	4.28	4.6	4.461052631578948	0.12542792250009585	4.2	4.66	1
16	3585	hedge	1	157.8800557880056	26.778242677824267	377.3333333333333	64.0	0.04559653278776966	0.11100360713424022	-0.49121621621621436	0.2687837837837854	-0.10281115561489104	0.1269505500887515	-0.6457476635513988	0.3042523364486014	4.95962962962963	0.11288603307766272	4.54	5.14	5.248000000000001	0.12924854035997924	4.78	5.54	0
16	3183	aliens	5	177.8196669808357	23.876845743009742	377.3333333333333	50.666666666666664	-0.24900568990042482	0.10961420690815137	-0.5812162162162142	-0.0312162162162144	-0.38937995054691477	0.10556492915817033	-0.6857476635513988	-0.21574766355139907	4.761964285714285	0.10289305379606782	4.45	4.92	5.021355932203391	0.10247720734166722	4.75	5.21	0
18	1989	unicorn	3	225.2388134741076	31.171442936148818	298.6666666666667	41.333333333333336	0.034873093900494395	0.09561522532212437	-0.18950892857141577	0.7204910714285839	0.09341930170005286	0.1424347587611199	-0.1734168564920373	1.7465831435079626	3.3848837209302314	0.10909511531707777	3.15	4.06	3.5113281249999995	0.16637577756463293	3.24	5.16	1
18	3795	pepper	1	248.7483530961792	10.013175230566535	629.3333333333334	25.333333333333332	0.10693422011663094	0.13640604848235813	-0.2295089285714158	1.8504910714285847	0.09803284764997426	0.0897274085693826	-0.3934168564920375	0.2365831435079624	3.4488495575221245	0.20245260561949766	3.11	5.19	3.518981481481482	0.10052144249623071	3.02	3.65	0
18	2446	minion	4	251.43090760425181	11.856091578086671	410.0	19.333333333333332	-0.01073064802842926	0.06913656234868541	-0.14950892857141573	0.19049107142858412	0.030528097636402896	0.057976927694805995	-0.1734168564920373	0.3665831435079623	3.343203125000001	0.08078291697628193	3.19	3.53	3.4268800000000015	0.06458822423381391	3.24	3.78	0
18	1548	pig	6	226.74418604651163	24.54780361757106	234.0	25.333333333333332	0.09415519356598888	0.08723272239660665	-0.17950892857141554	0.43049107142858434	0.08889083581565474	0.08684422891251016	-0.16341685649203752	0.3365831435079625	3.4313385826771645	0.08756278658654403	3.16	3.77	3.501587301587302	0.08807644587209629	3.25	3.75	0
18	8109	hedge	2	265.1375015414971	14.551732642742632	1433.3333333333333	78.66666666666667	0.07665386212625885	0.12724620118445965	-0.3695089285714155	0.3404910714285845	0.1177664985144644	0.13628928689586498	-0.2534168564920374	0.4065831435079623	3.448214285714284	0.1818856778156272	3.06	3.68	3.5674264705882353	0.1415836165638625	3.23	3.82	0
18	3049	aliens	5	249.2620531321745	25.58215808461791	506.6666666666667	52.0	0.09857469512196415	0.23933215641554562	-0.8495089285714155	3.010491071428584	0.08081801895280234	0.14020725091068173	-0.2534168564920374	0.3365831435079625	3.319338235294117	0.13977337321738523	2.49	3.5	3.3946969696969713	0.12167055628029459	3.16	3.61	0
20	3433	unicorn	5	208.5639382464317	16.31226332653656	477.3333333333333	37.333333333333336	0.37968221362050747	0.1459455088369852	-0.11265979381443669	2.1073402061855635	0.33358541691354276	0.08173409764204452	-0.19265979381442655	0.5173402061855734	3.6288666666666685	0.06991400918334958	3.54	3.8	3.403400000000001	0.06178366674542773	3.29	3.57	0
20	5869	pepper	6	156.58544896916	13.460555460896234	612.6666666666666	52.666666666666664	0.3646997567473611	0.09609147604072255	0.1073402061855635	0.9673402061855638	0.2973685347974715	0.12976048430134268	-0.4826597938144266	0.6173402061855735	3.5390082644628134	0.06350072123839337	3.44	3.67	3.333801652892562	0.14468503837846716	2.62	3.48	0
20	5479	minion	1	133.96605219930643	20.259171381638986	489.3333333333333	74.0	0.05694285519218589	0.19556335114713158	-0.3926597938144365	0.5673402061855635	0.058016362769203446	0.1667008819310924	-0.5826597938144262	1.6973402061855736	3.0734848484848496	0.0502453189321361	2.83	3.12	2.9810606060606077	0.2447235727093469	2.83	4.75	0
20	5328	pig	4	106.6066066066066	14.639639639639638	378.6666666666667	52.0	0.044304491899849203	0.15445962740371952	-0.43265979381443653	0.7473402061855636	0.03921520618557362	0.1370609582559049	-0.2726597938144266	0.5973402061855735	3.3538405797101443	0.13189977650472823	3.1	3.97	3.1563043478260853	0.12506976789885038	2.88	3.65	0
20	6489	hedge	3	181.38388041300664	25.735860687316997	784.6666666666666	111.33333333333333	0.05575458250691643	0.1760002334253135	-0.7826597938144366	0.4673402061855634	0.06149632432903349	0.11469522484864474	-0.5126597938144264	0.4773402061855734	3.2835761589403956	0.03710066254324715	3.22	3.37	3.1154304635761574	0.036235067716927645	3.04	3.19	0
20	5109	aliens	2	120.37580739870816	20.356234096692113	410.0	69.33333333333333	0.2821609233170376	0.12027746143431717	-0.02265979381443639	1.2773402061855634	0.17505674161864426	0.15680953919709809	-0.42265979381442653	0.8373402061855737	3.513533333333332	0.055042834652045625	3.38	3.63	3.241999999999997	0.06067849037864133	3.11	3.51	1
21	3123	unicorn	5	286.90361831572204	6.404098623118796	597.3333333333334	13.333333333333334	-0.14524581479126658	0.1297412552170716	-0.5203099173553696	0.18969008264463127	-0.2477948319796142	0.08526408104935039	-0.398467908902691	0.021532091097308914	4.4933999999999985	0.08320614006770438	4.24	4.73	4.230266666666669	0.08773011288568547	4.11	4.46	0
21	3548	pepper	4	280.7215332581736	10.992108229988727	664.0	26.0	-0.06977167372930683	0.09763099786183323	-0.2703099173553696	0.11969008264463099	-0.23464354629645875	0.0825471131054864	-0.688467908902691	0.0915320910973092	4.454733333333337	0.07766471274822298	4.27	4.64	4.196933333333334	0.09488917355141575	3.75	4.53	0
21	4174	minion	3	254.91135601341637	28.749401054144702	709.3333333333334	80.0	-0.08578838625489064	0.16727864364357117	-0.4503099173553693	0.4196900826446308	-0.1810516409601074	0.11706451079109235	-0.42846790890269126	0.08153209109730852	4.461733333333337	0.13470199106995526	4.18	4.74	4.206666666666664	0.10972611826307711	4.01	4.52	1
21	5025	pig	2	243.58208955223878	18.109452736318406	816.0	60.666666666666664	-0.16008867841731603	0.11441723425556227	-0.48030991735536954	0.07969008264463096	-0.3161891478407441	0.12486935857034676	-1.148467908902691	-0.06846790890269094	4.454132231404959	0.07756362357754652	4.33	4.62	4.1800826446281	0.09932686668913396	3.95	4.37	0
21	7871	hedge	1	199.33934696988945	18.295006987676278	1046.0	96.0	-0.29237421515570733	0.22228505731659823	-0.610309917355369	1.5896900826446307	-0.45590858686879293	0.20858092534361017	-1.298467908902691	1.6115320910973088	4.447857142857142	0.43010228910583204	3.99	6.13	4.101951219512196	0.42015603953885455	3.14	6.05	0
21	2385	aliens	6	178.19706498951783	31.865828092243188	283.3333333333333	50.666666666666664	-0.07990529307791253	0.08145735352691008	-0.3303099173553692	0.34969008264463053	-0.1699707990761014	0.05056708924640751	-0.25846790890269133	0.08153209109730852	4.503333333333331	0.07849711939179031	4.38	4.89	4.258777777777778	0.05515713564883298	4.18	4.52	0
22	4689	unicorn	6	121.34783535935168	4.905097035615269	0.0	0.0	-0.2118028332417583	0.17264548135019855	-1.200880503144671	-0.08088050314467088	-0.1593552180804924	0.11192257093306013	-0.5461844863731753	0.15381551362682444									0
22	5509	pepper	3	144.1277908876384	8.531493919041568	0.0	0.0	-0.18581293557710338	0.09487902464429687	-0.3408805031446711	0.13911949685532932	-0.1430972380510275	0.2388493723356418	-0.5561844863731755	2.2038155136268243									0
22	6363	minion	1	131.38456702813139	18.387553041018386	0.0	0.0	0.04157404230987454	0.10588621262878738	-0.3608805031446707	0.31911949685532903	0.053661667472978555	0.16260317055065196	-0.6061844863731753	1.5738155136268244									0
22	4940	pig	4	126.51821862348177	12.14574898785425	0.0	0.0	-0.20171037866334307	0.0812668963174291	-0.42088050314467074	-0.0008805031446708078	-0.1239944037285473	0.15127863408113434	-0.6661844863731754	1.583815513626825									1
22	5560	hedge	2	144.7841726618705	11.69064748201439	0.0	0.0	-0.22462199974331057	0.18911401434670536	-0.5408805031446708	0.13911949685532932	-0.1714209728596617	0.1888339190116764	-0.49618448637317547	0.6938155136268245									0
22	5675	aliens	5	123.52422907488987	23.964757709251103	0.0	0.0	-0.10677454287977023	0.18835984337322653	-0.5408805031446708	0.18911949685532914	-0.06384896005738579	0.2322500201701371	-0.4461844863731752	0.46381551362682494									0
25	4646	unicorn	1	208.7817477399914	1.9371502367628068	646.6666666666666	6.0	-0.037418300653596574	0.07578935071016833	-0.1528888888888904	0.21711111111110926	-0.06623642439431776	0.0696591830032495	-0.3821428571428558	0.11785714285714421	3.47962962962963	0.05598636382614012	3.39	3.61	3.2124137931034475	0.060807375751736	3.05	3.37	1
25	2706	pepper	6	164.8189209164819	2.2172949002217295	297.3333333333333	4.0	0.0799346405228741	0.14461220753225235	-0.08288888888889057	0.41711111111110943	0.08967000835422012	0.12837761422267266	-0.31214285714285595	0.38785714285714423	3.655510204081632	0.10263327158078003	3.51	3.81	3.4496000000000016	0.16133322089162322	2.94	3.64	0
25	2379	minion	3	122.3203026481715	5.884825556956704	194.0	9.333333333333334	0.1200634920634903	0.05232891187780436	0.007111111111109292	0.20711111111110947	0.10412987012987142	0.10865194907761812	-0.2421428571428561	0.2278571428571441	3.501176470588235	0.026429706993546204	3.44	3.54	3.36	0.1164555913724402	3.01	3.48	0
25	2866	pig	5	148.29030006978365	6.978367062107466	283.3333333333333	13.333333333333334	-0.02448124557678872	0.2261622674613441	-0.23288888888889048	2.08711111111111	-0.0016853408029865943	0.09835716245880997	-0.19214285714285584	0.18785714285714405	3.6764999999999994	0.45743305521136113	3.49	5.48	3.3318749999999993	0.10596972838189843	3.06	3.44	0
25	2749	hedge	2	156.78428519461622	9.82175336485995	287.3333333333333	18.0	0.04600721500721333	0.10795521758733578	-0.1228888888888906	0.2571111111111093	0.12530937215650725	0.08138153619894951	-0.21214285714285586	0.2778571428571439	3.5682758620689663	0.04781429594328167	3.37	3.65	3.3850000000000002	0.1273045624198254	3.04	3.52	0
25	3239	aliens	4	167.95307193578265	8.953380673047237	362.6666666666667	19.333333333333332	0.11859070294784403	0.04615864051498391	-0.04288888888889053	0.2571111111111093	0.13846938775510334	0.09263455994091738	-0.11214285714285577	0.30785714285714416	3.546363636363635	0.0561703982215155	3.35	3.65	3.4142424242424236	0.07424748745876454	3.19	3.56	0
